"16x4,16x8,13x8,13x9,11x9,11x10,10x10,10x13,4x13,4x16","16x4,4x4,4x16","16x4,16x17,4x17,4x16","16x4,16x16,4x16","16x4,16x8,11x8,11x11,6x11,6x16,4x16","16x4,4x4,4x16","16x4,15x4,15x5,13x5,13x6,6x6,6x12,5x12,5x13,4x13,4x14,3x14,3x15,4x15,4x16","16x4,16x16,4x16","16x4,4x4,4x16","16x4,4x4,4x16","16x4,16x3,4x3,4x16","16x4,16x9,15x9,15x15,14x15,14x16,4x16","16x4,4x4,4x16","16x4,16x2,3x2,3x16,4x16","16x4,8x4,8x5,7x5,7x6,6x6,6x13,5x13,5x14,4x14,4x16","16x4,16x16,4x16","16x4,16x16,4x16","16x4,16x16,4x16","16x4,16x15,4x15,4x16","16x4,6x4,6x13,3x13,3x16,4x16","16x4,16x10,17x10,17x15,4x15,4x16","16x4,16x15,4x15,4x16","16x4,16x15,4x15,4x16","16x4,16x8,4x8,4x16","16x4,14x4,14x5,13x5,13x7,12x7,12x9,11x9,11x10,10x10,10x11,7x11,7x13,6x13,6x15,4x15,4x16","16x4,16x6,15x6,15x7,14x7,14x8,13x8,13x9,11x9,11x10,10x10,10x13,9x13,9x14,6x14,6x13,4x13,4x16","16x4,15x4,15x5,13x5,13x9,6x9,6x16,4x16","16x4,16x16,4x16","16x4,16x7,14x7,14x8,13x8,13x9,11x9,11x10,8x10,8x11,7x11,7x12,6x12,6x13,5x13,5x14,4x14,4x16","16x4,16x16,4x16","16x4,16x7,12x7,12x9,11x9,11x13,9x13,9x16,4x16","16x4,15x4,15x3,13x3,13x2,12x2,12x1,7x1,7x2,6x2,6x5,5x5,5x9,4x9,4x16","16x4,16x16,4x16"
"16x4,16x5,9x5,9x8,8x8,8x9,7x9,7x12,6x12,6x13,5x13,5x14,4x14,4x16","16x4,4x4,4x16","16x4,16x16,4x16","16x4,16x16,4x16","16x4,12x4,12x5,5x5,5x11,4x11,4x16","16x4,4x4,4x16","16x4,4x4,4x16","16x4,15x4,15x16,4x16","16x4,4x4,4x16","16x4,16x16,4x16","16x4,13x4,13x3,4x3,4x16","16x4,17x4,17x8,16x8,16x16,4x16","16x4,4x4,4x16","16x4,16x16,4x16","16x4,15x4,15x5,14x5,14x6,13x6,13x7,12x7,12x8,11x8,11x9,10x9,10x10,9x10,9x11,8x11,8x13,7x13,7x14,6x14,6x15,5x15,5x16,4x16","16x4,16x16,4x16","16x4,16x16,4x16","16x4,16x16,4x16","16x4,4x4,4x16","16x4,16x16,4x16","16x4,16x16,4x16","16x4,16x9,4x9,4x16","16x4,14x4,14x14,5x14,5x16,4x16","16x4,16x5,15x5,15x12,14x12,14x13,13x13,13x14,9x14,9x16,4x16","16x4,4x4,4x16","16x4,16x5,15x5,15x10,14x10,14x13,13x13,13x14,9x14,9x16,4x16","16x4,16x16,4x16","16x4,16x16,4x16","16x4,16x16,4x16","16x4,16x16,4x16","16x4,16x16,4x16","16x4,16x3,9x3,9x5,5x5,5x7,4x7,4x12,6x12,6x13,4x13,4x16","16x4,16x16,4x16"
"16x4,14x4,14x8,12x8,12x12,11x12,11x13,8x13,8x16,4x16","16x4,16x15,4x15,4x16","16x4,16x16,4x16","16x4,16x14,4x14,4x16","16x4,16x11,8x11,8x15,4x15,4x16","16x4,4x4,4x16","16x4,15x4,15x10,14x10,14x11,13x11,13x12,7x12,7x14,6x14,6x15,5x15,5x16,4x16","16x4,16x16,4x16","16x4,4x4,4x16","16x4,16x16,4x16","16x4,16x16,4x16","16x4,16x7,15x7,15x11,13x11,13x14,12x14,12x17,10x17,10x16,4x16","16x4,16x17,4x17,4x16","16x4,16x15,4x15,4x16","16x4,16x5,15x5,15x6,14x6,14x7,13x7,13x8,12x8,12x9,11x9,11x10,10x10,10x13,9x13,9x14,8x14,8x15,7x15,7x16,4x16","16x4,16x3,13x3,13x4,6x4,6x11,5x11,5x12,4x12,4x16","16x4,16x16,4x16","16x4,8x4,8x14,4x14,4x16","16x4,4x4,4x16","16x4,10x4,10x16,4x16","16x4,16x15,4x15,4x16","16x4,16x15,5x15,5x16,4x16","16x4,16x15,4x15,4x16","16x4,3x4,3x16,4x16","16x4,12x4,12x6,11x6,11x7,10x7,10x10,4x10,4x16","16x4,15x4,15x5,5x5,5x11,4x11,4x16","16x4,16x10,10x10,10x15,4x15,4x16","16x4,4x4,4x16","16x4,16x9,15x9,15x10,12x10,12x11,11x11,11x12,9x12,9x13,7x13,7x14,6x14,6x15,5x15,5x16,4x16","16x4,16x16,4x16","16x4,16x14,11x14,11x15,10x15,10x16,4x16","16x4,16x15,13x15,13x16,4x16","16x4,16x8,11x8,11x9,10x9,10x12,9x12,9x15,4x15,4x16"
"16x4,16x7,13x7,13x10,10x10,10x13,7x13,7x15,4x15,4x16","16x4,4x4,4x16","16x4,16x16,4x16","16x4,16x16,4x16","16x4,16x6,13x6,13x8,4x8,4x16","16x4,0x4,0x17,1x17,1x16,4x16","16x4,4x4,4x16","16x4,16x16,4x16","16x4,4x4,4x16","16x4,16x16,4x16","16x4,16x5,15x5,15x6,14x6,14x9,11x9,11x12,10x12,10x13,7x13,7x14,6x14,6x15,5x15,5x16,4x16","16x4,16x8,14x8,14x15,4x15,4x16","16x4,4x4,4x16","16x4,16x16,4x16","16x4,15x4,15x5,14x5,14x6,13x6,13x8,12x8,12x9,11x9,11x10,10x10,10x11,9x11,9x12,8x12,8x13,7x13,7x14,6x14,6x15,5x15,5x16,4x16","16x4,16x16,4x16","16x4,16x16,4x16","16x4,16x16,4x16","16x4,4x4,4x16","16x4,7x4,7x14,4x14,4x16","16x4,4x4,4x16","16x4,16x9,4x9,4x16","16x4,16x14,5x14,5x16,4x16","16x4,16x3,3x3,3x16,4x16","16x4,4x4,4x16","16x4,16x5,15x5,15x6,14x6,14x9,10x9,10x11,9x11,9x12,6x12,6x14,5x14,5x16,4x16","16x4,4x4,4x16","16x4,16x16,4x16","16x4,16x16,4x16","16x4,16x16,4x16","16x4,16x16,4x16","16x4,16x0,0x0,0x17,4x17,4x16","16x4,16x16,4x16"
"16x4,16x5,14x5,14x7,12x7,12x9,7x9,7x12,4x12,4x16","16x4,16x15,4x15,4x16","16x4,16x16,4x16","16x4,16x16,4x16","16x4,14x4,14x12,5x12,5x16,4x16","16x4,4x4,4x16","16x4,14x4,14x8,13x8,13x10,12x10,12x11,11x11,11x13,10x13,10x15,9x15,9x17,5x17,5x16,4x16","16x4,16x16,4x16","16x4,4x4,4x16","16x4,16x16,4x16","16x4,13x4,13x3,12x3,12x4,4x4,4x16","16x4,16x16,9x16,9x17,5x17,5x16,4x16","16x4,16x16,4x16","16x4,17x4,17x17,4x17,4x16","16x4,12x4,12x5,11x5,11x6,10x6,10x7,7x7,7x8,6x8,6x13,5x13,5x15,4x15,4x16","16x4,16x3,4x3,4x16","16x4,16x16,4x16","16x4,15x4,15x5,14x5,14x7,12x7,12x8,11x8,11x10,10x10,10x12,9x12,9x13,7x13,7x14,5x14,5x15,4x15,4x16","16x4,16x16,4x16","16x4,13x4,13x8,4x8,4x16","16x4,17x4,17x17,4x17,4x16","16x4,16x10,15x10,15x13,13x13,13x15,4x15,4x16","16x4,16x15,4x15,4x16","16x4,16x16,4x16","16x4,16x9,6x9,6x13,4x13,4x16","16x4,16x16,4x16","16x4,14x4,14x5,13x5,13x13,4x13,4x16","16x4,4x4,4x16","16x4,4x4,4x16","16x4,16x16,4x16","16x4,14x4,14x13,12x13,12x16,4x16","16x4,16x8,15x8,15x10,14x10,14x15,12x15,12x16,4x16","16x4,14x4,14x12,8x12,8x16,4x16"
"16x4,15x4,15x5,12x5,12x6,9x6,9x10,7x10,7x12,4x12,4x16","16x4,4x4,4x16","16x4,16x16,4x16","16x4,4x4,4x16","16x4,16x6,5x6,5x8,4x8,4x16","16x4,1x4,1x16,4x16","16x4,4x4,4x16","16x4,16x16,4x16","16x4,4x4,4x16","16x4,3x4,3x16,4x16","16x4,16x5,15x5,15x7,14x7,14x9,12x9,12x10,11x10,11x11,5x11,5x16,4x16","16x4,16x3,20x3,20x15,7x15,7x16,4x16","16x4,4x4,4x16","16x4,16x12,4x12,4x16","16x4,16x5,15x5,15x6,14x6,14x7,13x7,13x8,12x8,12x9,11x9,11x10,10x10,10x11,9x11,9x12,8x12,8x13,7x13,7x14,6x14,6x15,5x15,5x16,4x16","16x4,16x16,4x16","16x4,16x16,4x16","16x4,20x4,20x16,19x16,19x17,18x17,18x18,15x18,15x17,4x17,4x16","16x4,16x16,4x16","16x4,9x4,9x16,4x16","16x4,16x16,4x16","16x4,16x7,9x7,9x15,4x15,4x16","16x4,16x6,5x6,5x7,4x7,4x8,1x8,1x17,4x17,4x16","16x4,16x3,4x3,4x4,3x4,3x16,4x16","16x4,4x4,4x16","16x4,16x5,14x5,14x6,11x6,11x7,10x7,10x8,6x8,6x10,5x10,5x16,4x16","16x4,16x16,4x16","16x4,16x16,4x16","16x4,16x16,4x16","16x4,16x16,4x16","16x4,16x16,4x16","16x4,20x4,20x17,19x17,19x16,18x16,18x18,15x18,15x20,6x20,6x19,2x19,2x16,4x16","16x4,13x4,13x7,10x7,10x16,4x16"
"16x4,15x4,15x7,9x7,9x9,7x9,7x12,4x12,4x16","16x4,16x6,14x6,14x10,10x10,10x15,8x15,8x16,7x16,7x17,5x17,5x16,4x16","16x4,17x4,17x15,15x15,15x16,7x16,7x17,4x17,4x16","16x4,16x6,11x6,11x5,4x5,4x16","16x4,15x4,15x7,14x7,14x10,9x10,9x11,7x11,7x13,4x13,4x16","16x4,16x2,11x2,11x5,4x5,4x16","16x4,16x7,15x7,15x12,16x12,16x14,14x14,14x15,12x15,12x16,7x16,7x17,5x17,5x16,4x16","16x4,15x4,15x12,16x12,16x14,14x14,14x16,7x16,7x17,4x17,4x16","16x4,15x4,15x2,11x2,11x5,4x5,4x16","16x4,16x6,15x6,15x12,16x12,16x13,14x13,14x16,7x16,7x17,4x17,4x16","16x4,16x2,10x2,10x3,11x3,11x4,8x4,8x5,4x5,4x16","16x4,16x6,15x6,15x12,16x12,16x14,14x14,14x16,7x16,7x17,4x17,4x16","16x4,15x4,15x6,12x6,12x16,7x16,7x17,4x17,4x16","16x4,16x6,15x6,15x11,14x11,14x16,7x16,7x17,4x17,4x16","16x4,14x4,14x2,11x2,11x4,8x4,8x5,6x5,6x13,5x13,5x14,4x14,4x16","16x4,16x6,11x6,11x5,4x5,4x16","16x4,16x7,15x7,15x11,14x11,14x13,11x13,11x15,9x15,9x16,7x16,7x17,4x17,4x16","16x4,16x7,15x7,15x11,14x11,14x16,7x16,7x17,4x17,4x16","16x4,16x6,14x6,14x10,10x10,10x12,4x12,4x16","16x4,16x6,12x6,12x10,10x10,10x13,8x13,8x14,4x14,4x16","16x4,16x2,11x2,11x5,4x5,4x8,2x8,2x12,4x12,4x16","16x4,16x7,14x7,14x15,12x15,12x14,10x14,10x15,8x15,8x14,4x14,4x16","16x4,15x4,15x10,10x10,10x13,6x13,6x16,4x16","16x4,16x2,12x2,12x5,4x5,4x16","16x4,15x4,15x2,11x2,11x4,10x4,10x5,4x5,4x16","16x4,16x6,15x6,15x10,9x10,9x11,8x11,8x14,6x14,6x16,4x16","16x4,16x6,14x6,14x16,8x16,8x14,4x14,4x16","16x4,16x6,17x6,17x15,15x15,15x16,7x16,7x17,4x17,4x16","16x4,16x7,15x7,15x11,14x11,14x13,11x13,11x14,10x14,10x15,8x15,8x16,7x16,7x17,4x17,4x16","16x4,15x4,15x12,16x12,16x14,14x14,14x16,7x16,7x17,4x17,4x16","16x4,16x7,15x7,15x10,10x10,10x12,6x12,6x16,4x16","16x4,16x6,14x6,14x10,15x10,15x12,16x12,16x14,14x14,14x15,12x15,12x16,7x16,7x17,5x17,5x16,4x16","16x4,16x7,12x7,12x12,6x12,6x16,4x16"
"16x4,15x4,15x6,12x6,12x5,8x5,8x6,7x6,7x9,6x9,6x14,4x14,4x16","16x4,15x4,15x2,12x2,12x5,7x5,7x13,4x13,4x16","16x4,16x7,6x7,6x16,4x16","16x4,16x7,15x7,15x11,11x11,11x15,9x15,9x13,8x13,8x14,4x14,4x16","16x4,15x4,15x6,13x6,13x8,11x8,11x9,4x9,4x16","16x4,15x4,15x9,3x9,3x15,4x15,4x16","16x4,15x4,15x11,14x11,14x13,11x13,11x12,10x12,10x13,9x13,9x15,8x15,8x16,7x16,7x17,6x17,6x18,4x18,4x16","16x4,15x4,15x8,13x8,13x10,10x10,10x12,9x12,9x15,8x15,8x16,7x16,7x17,4x17,4x16","16x4,15x4,15x2,12x2,12x4,8x4,8x5,4x5,4x16","16x4,16x7,15x7,15x11,10x11,10x12,4x12,4x16","16x4,15x4,15x2,11x2,11x5,8x5,8x6,7x6,7x8,5x8,5x9,4x9,4x14,1x14,1x16,3x16,3x17,4x17,4x16","16x4,15x4,15x6,13x6,13x7,7x7,7x10,5x10,5x12,4x12,4x16","16x4,16x7,15x7,15x8,13x8,13x11,10x11,10x12,9x12,9x15,8x15,8x16,7x16,7x17,6x17,6x18,4x18,4x16","16x4,16x2,11x2,11x4,8x4,8x7,6x7,6x16,4x16","16x4,16x7,14x7,14x9,13x9,13x11,10x11,10x12,4x12,4x16","16x4,17x4,17x9,15x9,15x11,10x11,10x10,5x10,5x12,4x12,4x16","16x4,16x7,14x7,14x10,11x10,11x15,8x15,8x16,7x16,7x17,6x17,6x18,4x18,4x16","16x4,16x7,15x7,15x8,14x8,14x11,11x11,11x15,8x15,8x16,7x16,7x17,6x17,6x18,4x18,4x16","16x4,16x7,14x7,14x9,13x9,13x10,10x10,10x13,9x13,9x15,8x15,8x16,7x16,7x17,4x17,4x16","16x4,16x7,15x7,15x8,11x8,11x7,7x7,7x13,5x13,5x16,4x16","16x4,15x4,15x8,13x8,13x10,7x10,7x13,4x13,4x16","16x4,15x4,15x11,10x11,10x13,5x13,5x16,4x16","16x4,15x4,15x11,11x11,11x12,4x12,4x16","16x4,15x4,15x11,10x11,10x10,4x10,4x16","16x4,16x7,5x7,5x9,4x9,4x16","16x4,16x7,15x7,15x8,14x8,14x9,13x9,13x10,10x10,10x13,4x13,4x16","16x4,15x4,15x11,11x11,11x16,7x16,7x17,4x17,4x16","16x4,16x7,17x7,17x15,18x15,18x16,7x16,7x17,4x17,4x16","16x4,16x6,15x6,15x8,13x8,13x10,10x10,10x13,9x13,9x15,8x15,8x16,7x16,7x17,4x17,4x16","16x4,15x4,15x12,16x12,16x14,14x14,14x16,7x16,7x17,4x17,4x16","16x4,16x7,15x7,15x10,12x10,12x14,11x14,11x15,8x15,8x16,7x16,7x17,4x17,4x16","16x4,15x4,15x11,14x11,14x13,16x13,16x14,17x14,17x15,15x15,15x17,11x17,11x19,7x19,7x20,6x20,6x18,4x18,4x16","16x4,16x7,13x7,13x11,10x11,10x13,4x13,4x16"
"16x4,16x6,12x6,12x11,10x11,10x12,7x12,7x13,4x13,4x16","16x4,16x6,12x6,12x9,4x9,4x16","16x4,16x6,12x6,12x5,4x5,4x16","16x4,15x4,15x2,11x2,11x5,4x5,4x9,6x9,6x15,4x15,4x16","16x4,16x6,15x6,15x11,12x11,12x10,9x10,9x11,6x11,6x14,4x14,4x16","16x4,15x4,15x6,12x6,12x5,6x5,6x2,4x2,4x16","16x4,14x4,14x2,11x2,11x5,4x5,4x9,3x9,3x15,4x15,4x16","16x4,16x7,13x7,13x10,10x10,10x16,7x16,7x17,4x17,4x16","16x4,16x2,11x2,11x5,4x5,4x16","16x4,16x7,12x7,12x12,4x12,4x16","16x4,16x6,12x6,12x9,6x9,6x10,5x10,5x12,3x12,3x15,4x15,4x16","16x4,16x6,12x6,12x11,11x11,11x16,7x16,7x17,4x17,4x16","16x4,17x4,17x15,15x15,15x16,7x16,7x17,4x17,4x16","16x4,15x4,15x9,7x9,7x10,6x10,6x16,4x16","16x4,14x4,14x2,13x2,13x4,7x4,7x3,4x3,4x16","16x4,15x4,15x6,11x6,11x5,4x5,4x16","16x4,16x7,12x7,12x11,10x11,10x12,6x12,6x16,4x16","16x4,17x4,17x12,16x12,16x13,15x13,15x14,14x14,14x16,7x16,7x17,4x17,4x16","16x4,16x7,13x7,13x11,10x11,10x10,9x10,9x11,8x11,8x12,7x12,7x13,6x13,6x16,4x16","16x4,16x6,12x6,12x9,7x9,7x10,6x10,6x13,4x13,4x16","16x4,15x4,15x11,12x11,12x12,7x12,7x13,6x13,6x16,4x16","16x4,16x7,15x7,15x11,11x11,11x12,4x12,4x16","16x4,15x4,15x6,12x6,12x9,7x9,7x11,6x11,6x14,4x14,4x16","16x4,15x4,15x11,12x11,12x9,4x9,4x16","16x4,16x6,12x6,12x4,11x4,11x5,4x5,4x16","16x4,16x7,15x7,15x8,13x8,13x11,11x11,11x14,10x14,10x16,7x16,7x17,5x17,5x16,4x16","16x4,16x6,15x6,15x11,12x11,12x12,4x12,4x16","16x4,16x6,17x6,17x15,15x15,15x16,7x16,7x17,5x17,5x16,4x16","16x4,16x7,15x7,15x11,11x11,11x16,7x16,7x17,5x17,5x16,4x16","16x4,19x4,19x11,20x11,20x18,12x18,12x19,7x19,7x20,6x20,6x18,4x18,4x16","16x4,16x7,15x7,15x11,11x11,11x16,7x16,7x17,4x17,4x16","16x4,16x6,15x6,15x12,16x12,16x14,14x14,14x16,7x16,7x17,5x17,5x16,4x16","16x4,16x6,12x6,12x9,7x9,7x13,6x13,6x16,4x16"
"16x4,15x4,15x11,10x11,10x13,4x13,4x16","16x4,15x4,15x11,14x11,14x16,7x16,7x17,4x17,4x16","16x4,15x4,15x7,6x7,6x16,4x16","16x4,16x6,12x6,12x5,4x5,4x16","16x4,16x6,13x6,13x10,9x10,9x12,6x12,6x13,4x13,4x16","16x4,16x7,5x7,5x9,4x9,4x16","16x4,16x3,15x3,15x2,13x2,13x4,12x4,12x5,4x5,4x16","16x4,16x7,13x7,13x6,11x6,11x5,7x5,7x13,4x13,4x16","16x4,15x4,15x7,7x7,7x13,4x13,4x16","16x4,15x4,15x9,4x9,4x16","16x4,16x6,14x6,14x8,13x8,13x9,6x9,6x10,5x10,5x12,6x12,6x13,4x13,4x16","16x4,16x7,15x7,15x11,10x11,10x16,7x16,7x17,4x17,4x16","16x4,15x4,15x7,13x7,13x9,9x9,9x10,7x10,7x13,4x13,4x16","16x4,15x4,15x6,11x6,11x5,4x5,4x8,1x8,1x13,2x13,2x16,3x16,3x17,4x17,4x16","16x4,16x7,9x7,9x10,4x10,4x16","16x4,15x4,15x7,13x7,13x9,9x9,9x10,5x10,5x12,4x12,4x16","16x4,16x7,9x7,9x13,4x13,4x16","16x4,15x4,15x11,14x11,14x16,7x16,7x17,4x17,4x16","16x4,16x7,13x7,13x9,9x9,9x11,7x11,7x13,4x13,4x16","16x4,15x4,15x6,12x6,12x7,7x7,7x13,5x13,5x14,4x14,4x16","16x4,16x7,15x7,15x9,14x9,14x13,11x13,11x12,4x12,4x16","16x4,16x7,15x7,15x11,10x11,10x13,4x13,4x16","16x4,15x4,15x7,7x7,7x11,6x11,6x13,4x13,4x16","16x4,16x7,17x7,17x9,16x9,16x10,15x10,15x11,12x11,12x12,6x12,6x15,4x15,4x16","16x4,15x4,15x9,7x9,7x13,4x13,4x16","16x4,15x4,15x6,14x6,14x8,13x8,13x9,9x9,9x10,7x10,7x13,4x13,4x16","16x4,17x4,17x7,7x7,7x13,4x13,4x16","16x4,16x7,17x7,17x15,15x15,15x16,7x16,7x17,5x17,5x16,4x16","16x4,15x4,15x7,17x7,17x10,15x10,15x11,10x11,10x12,7x12,7x13,4x13,4x16","16x4,16x7,7x7,7x13,4x13,4x16","16x4,16x6,15x6,15x10,12x10,12x14,11x14,11x15,8x15,8x16,7x16,7x17,4x17,4x16","16x4,16x3,15x3,15x2,11x2,11x5,7x5,7x13,4x13,4x16","16x4,16x7,12x7,12x12,8x12,8x14,4x14,4x16"
"16x4,15x4,15x8,13x8,13x11,10x11,10x13,4x13,4x16","16x4,16x7,15x7,15x10,6x10,6x16,4x16","16x4,15x4,15x6,12x6,12x7,5x7,5x9,4x9,4x16","16x4,16x7,15x7,15x8,14x8,14x10,10x10,10x12,4x12,4x16","16x4,16x6,15x6,15x11,10x11,10x16,7x16,7x17,5x17,5x16,4x16","16x4,16x7,15x7,15x9,4x9,4x16","16x4,16x6,15x6,15x9,14x9,14x10,13x10,13x11,10x11,10x12,4x12,4x16","16x4,16x6,11x6,11x5,4x5,4x16","16x4,16x6,15x6,15x11,10x11,10x13,6x13,6x16,4x16","16x4,16x7,12x7,12x12,4x12,4x16","16x4,16x7,15x7,15x11,14x11,14x16,7x16,7x17,4x17,4x16","16x4,16x6,14x6,14x16,11x16,11x17,8x17,8x16,7x16,7x17,5x17,5x16,4x16","16x4,17x4,17x14,14x14,14x16,7x16,7x17,4x17,4x16","16x4,15x4,15x8,13x8,13x11,12x11,12x12,9x12,9x11,6x11,6x13,4x13,4x16","16x4,16x2,11x2,11x5,6x5,6x13,4x13,4x16","16x4,16x3,15x3,15x2,12x2,12x4,11x4,11x5,4x5,4x16","16x4,16x7,14x7,14x9,12x9,12x10,9x10,9x13,6x13,6x16,4x16","16x4,17x4,17x15,15x15,15x16,7x16,7x17,4x17,4x16","16x4,16x7,15x7,15x10,13x10,13x11,12x11,12x12,11x12,11x16,7x16,7x17,4x17,4x16","16x4,15x4,15x7,14x7,14x10,13x10,13x11,12x11,12x12,8x12,8x13,6x13,6x16,4x16","16x4,16x7,13x7,13x11,11x11,11x17,8x17,8x16,7x16,7x17,4x17,4x16","16x4,15x4,15x11,10x11,10x13,5x13,5x16,4x16","16x4,16x7,15x7,15x10,10x10,10x12,7x12,7x13,5x13,5x16,4x16","16x4,16x6,15x6,15x9,4x9,4x16","16x4,17x4,17x7,11x7,11x9,6x9,6x13,5x13,5x16,4x16","16x4,16x6,12x6,12x7,9x7,9x13,6x13,6x16,4x16","16x4,16x7,13x7,13x10,10x10,10x13,4x13,4x16","16x4,16x7,17x7,17x15,15x15,15x16,11x16,11x15,8x15,8x14,7x14,7x15,6x15,6x16,4x16","16x4,16x7,12x7,12x8,11x8,11x9,9x9,9x11,8x11,8x12,7x12,7x13,5x13,5x16,4x16","16x4,15x4,15x6,12x6,12x5,4x5,4x16","16x4,15x4,15x10,11x10,11x16,7x16,7x17,4x17,4x16","16x4,16x7,15x7,15x12,16x12,16x13,14x13,14x16,8x16,8x14,7x14,7x15,4x15,4x16","16x4,16x7,13x7,13x11,10x11,10x13,6x13,6x16,4x16"
"16x4,16x6,14x6,14x7,7x7,7x11,6x11,6x16,4x16","16x4,16x7,12x7,12x9,7x9,7x11,6x11,6x12,4x12,4x16","16x4,16x6,14x6,14x7,9x7,9x11,8x11,8x13,5x13,5x16,4x16","16x4,16x7,5x7,5x9,4x9,4x16","16x4,16x6,14x6,14x8,13x8,13x10,9x10,9x11,6x11,6x16,4x16","16x4,16x7,5x7,5x9,4x9,4x10,5x10,5x12,6x12,6x13,5x13,5x16,4x16","16x4,16x7,9x7,9x10,7x10,7x13,6x13,6x15,4x15,4x16","16x4,16x6,11x6,11x5,4x5,4x16","16x4,15x4,15x3,16x3,16x2,11x2,11x4,8x4,8x6,7x6,7x11,6x11,6x12,4x12,4x16","16x4,16x7,11x7,11x9,4x9,4x16","16x4,15x4,15x3,16x3,16x2,17x2,17x1,15x1,15x2,13x2,13x4,12x4,12x5,8x5,8x6,7x6,7x8,5x8,5x9,3x9,3x15,4x15,4x16","16x4,16x6,15x6,15x10,13x10,13x11,12x11,12x12,11x12,11x15,9x15,9x13,5x13,5x16,4x16","16x4,16x6,14x6,14x7,9x7,9x9,7x9,7x11,6x11,6x13,5x13,5x15,4x15,4x16","16x4,16x2,12x2,12x19,7x19,7x20,6x20,6x18,5x18,5x16,4x16","16x4,16x7,5x7,5x9,3x9,3x15,4x15,4x16","16x4,17x4,17x6,18x6,18x8,17x8,17x9,15x9,15x10,10x10,10x13,8x13,8x14,6x14,6x16,4x16","16x4,16x6,13x6,13x9,9x9,9x11,6x11,6x16,4x16","16x4,16x6,14x6,14x7,13x7,13x10,11x10,11x15,9x15,9x16,7x16,7x17,4x17,4x16","16x4,16x7,11x7,11x9,9x9,9x11,8x11,8x13,6x13,6x16,4x16","16x4,15x4,15x7,11x7,11x9,7x9,7x12,6x12,6x13,5x13,5x16,4x16","16x4,16x2,11x2,11x4,7x4,7x3,4x3,4x16","16x4,16x7,7x7,7x8,6x8,6x16,4x16","16x4,16x6,11x6,11x5,8x5,8x6,7x6,7x8,6x8,6x16,4x16","16x4,16x2,11x2,11x4,7x4,7x2,4x2,4x10,5x10,5x12,6x12,6x16,4x16","16x4,16x6,15x6,15x10,7x10,7x11,6x11,6x12,4x12,4x16","16x4,16x7,13x7,13x8,10x8,10x9,9x9,9x10,7x10,7x11,6x11,6x15,4x15,4x16","16x4,16x7,5x7,5x9,4x9,4x16","16x4,16x7,17x7,17x15,15x15,15x16,7x16,7x17,4x17,4x16","16x4,16x7,9x7,9x11,6x11,6x13,5x13,5x16,4x16","16x4,16x2,13x2,13x4,7x4,7x3,6x3,6x4,4x4,4x16","16x4,16x6,12x6,12x12,6x12,6x15,4x15,4x16","16x4,16x2,11x2,11x4,8x4,8x7,5x7,5x9,3x9,3x15,4x15,4x16","16x4,15x4,15x7,9x7,9x10,5x10,5x12,4x12,4x16"
"16x4,16x5,15x5,15x9,14x9,14x12,11x12,11x13,12x13,12x14,9x14,9x15,7x15,7x17,5x17,5x16,4x16","16x4,15x4,15x9,14x9,14x12,10x12,10x14,9x14,9x15,7x15,7x17,5x17,5x16,4x16","16x4,16x5,15x5,15x9,14x9,14x12,10x12,10x14,8x14,8x15,7x15,7x17,5x17,5x16,4x16","16x4,16x5,11x5,11x8,9x8,9x9,8x9,8x10,7x10,7x13,6x13,6x14,5x14,5x16,4x16","16x4,16x5,14x5,14x12,11x12,11x13,10x13,10x14,9x14,9x15,8x15,7x15,7x17,5x17,5x16,4x16","16x4,15x4,15x9,14x9,14x12,10x12,10x14,8x14,8x15,7x15,7x17,5x17,5x16,4x16","16x4,16x5,15x5,15x9,14x9,14x11,13x11,13x12,10x12,10x13,8x13,8x12,7x12,7x13,6x13,6x12,5x12,5x16,4x16","16x4,15x4,15x9,14x9,14x12,10x12,10x13,8x13,8x15,7x15,7x17,5x17,5x16,4x16","16x4,15x4,15x9,14x9,14x12,10x12,10x14,9x14,9x15,7x15,7x17,5x17,5x16,4x16","16x4,15x4,15x9,11x9,11x8,9x8,9x9,8x9,8x10,6x10,6x12,5x12,5x16,4x16","16x4,16x5,12x5,12x6,10x6,10x8,9x8,9x9,8x9,8x10,7x10,7x13,6x13,6x14,5x14,5x15,4x15,4x16","16x4,16x5,15x5,15x9,14x9,14x12,10x12,10x14,9x14,9x15,7x15,7x17,5x17,5x16,4x16","16x4,15x4,15x9,14x9,14x12,11x12,11x13,10x13,10x14,9x14,9x15,7x15,7x17,5x17,5x16,4x16","16x4,17x4,17x8,20x8,20x9,17x9,17x11,14x11,14x12,10x12,10x14,8x14,8x15,7x15,7x17,5x17,5x16,4x16","16x4,16x5,10x5,10x8,9x8,9x9,8x9,8x10,7x10,7x13,6x13,6x14,5x14,5x16,4x16","16x4,16x5,14x5,14x12,10x12,10x13,8x13,8x11,7x11,7x13,6x13,6x14,5x14,5x16,4x16","16x4,15x4,15x9,11x9,11x5,10x5,10x8,9x8,9x9,8x9,8x10,6x10,6x12,5x12,5x16,4x16","16x4,16x5,15x5,15x9,14x9,14x12,10x12,10x14,9x14,9x15,7x15,7x17,5x17,5x16,4x16","16x4,16x5,10x5,10x8,9x8,9x9,8x9,8x10,7x10,7x13,6x13,6x14,5x14,5x16,4x16","16x4,16x5,14x5,14x12,10x12,10x13,8x13,8x11,6x11,6x12,5x12,5x16,4x16","16x4,15x4,15x9,11x9,11x8,9x8,9x9,8x9,8x10,6x10,6x12,5x12,5x16,4x16","16x4,15x4,15x5,10x5,10x8,9x8,9x9,8x9,8x10,6x10,6x12,5x12,5x16,4x16","16x4,16x5,14x5,14x12,10x12,10x13,8x13,8x15,7x15,7x17,5x17,5x16,4x16","16x4,15x4,15x9,11x9,11x8,9x8,9x9,8x9,8x10,7x10,7x13,6x13,6x14,5x14,5x16,4x16","16x4,15x4,15x5,12x5,12x6,11x6,11x8,9x8,9x9,8x9,8x10,7x10,7x11,6x11,6x12,5x12,5x16,4x16","16x4,15x4,15x5,10x5,10x8,9x8,9x9,8x9,8x10,7x10,7x13,6x13,6x14,5x14,5x16,4x16","16x4,15x4,15x9,14x9,14x12,10x12,10x14,8x14,8x15,7x15,7x17,5x17,5x16,4x16","16x4,15x4,15x9,13x9,13x10,12x10,12x11,13x11,13x12,10x12,10x13,8x13,8x15,7x15,7x17,5x17,5x16,4x16","16x4,16x5,11x5,11x8,9x8,9x9,8x9,8x10,7x10,7x13,6x13,6x14,5x14,5x16,4x16","16x4,15x4,15x5,12x5,12x6,11x6,11x8,9x8,9x9,8x9,8x10,6x10,6x14,5x14,5x16,4x16","16x4,16x5,15x5,15x9,14x9,14x12,10x12,10x14,8x14,8x15,7x15,7x17,5x17,5x16,4x16","16x4,15x4,15x5,14x5,14x11,13x11,13x12,11x12,11x13,10x13,10x14,9x14,9x15,7x15,7x17,5x17,5x16,4x16","16x4,16x5,10x5,10x8,9x8,9x9,8x9,8x10,6x10,6x12,5x12,5x16,4x16"
"16x4,16x5,14x5,14x12,10x12,10x13,8x13,8x12,7x12,7x13,6x13,6x14,5x14,5x16,4x16","16x4,16x5,17x5,17x8,20x8,20x9,17x9,17x11,12x11,12x10,13x10,13x9,11x9,11x8,9x8,9x9,8x9,8x10,6x10,6x12,5x12,5x16,4x16","16x4,15x4,15x7,14x7,14x12,10x12,10x14,8x14,8x15,7x15,7x17,5x17,5x16,4x16","16x4,16x5,11x5,11x8,9x8,9x9,8x9,8x10,7x10,7x13,6x13,6x14,5x14,5x16,4x16","16x4,15x4,15x5,10x5,10x8,9x8,9x9,8x9,8x10,7x10,7x8,4x8,4x10,5x10,5x16,4x16","16x4,15x4,15x5,14x5,14x12,10x12,10x14,9x14,9x15,7x15,7x17,5x17,5x16,4x16","16x4,16x5,15x5,15x6,14x6,14x9,11x9,11x8,9x8,9x9,8x9,8x10,6x10,6x12,5x12,5x16,4x16","16x4,15x4,15x5,12x5,12x6,11x6,11x8,9x8,9x9,8x9,8x10,7x10,7x8,5x8,5x16,4x16","16x4,15x4,15x9,14x9,14x12,10x12,10x13,8x13,8x12,7x12,7x13,6x13,6x14,5x14,5x16,4x16","16x4,15x4,15x9,14x9,14x12,10x12,10x13,8x13,8x12,7x12,7x13,6x13,6x14,5x14,5x16,4x16","16x4,15x4,15x9,13x9,13x10,12x10,12x11,13x11,13x12,10x12,10x13,8x13,8x12,7x12,7x13,6x13,6x14,5x14,5x16,4x16","16x4,15x4,15x6,14x6,14x9,11x9,11x7,10x7,10x8,9x8,9x9,8x9,8x10,7x10,7x13,6x13,6x14,5x14,5x16,4x16","16x4,16x5,14x5,14x12,10x12,10x14,8x14,8x15,7x15,7x17,5x17,5x16,4x16","16x4,17x4,17x8,20x8,20x9,17x9,17x11,14x11,14x12,10x12,10x14,9x14,9x15,7x15,7x17,5x17,5x16,4x16","16x4,16x5,15x5,15x9,14x9,14x12,10x12,10x13,8x13,8x12,7x12,7x13,6x13,6x14,5x14,5x16,4x16","16x4,15x4,15x9,11x9,11x8,9x8,9x9,8x9,8x10,6x10,6x12,5x12,5x16,4x16","16x4,15x4,15x9,14x9,14x12,10x12,10x14,8x14,8x15,7x15,7x17,5x17,5x16,4x16","16x4,16x5,15x5,15x8,14x8,14x12,10x12,10x13,8x13,8x15,7x15,7x17,5x17,5x16,4x16","16x4,16x5,12x5,12x6,10x6,10x8,9x8,9x9,8x9,8x10,6x10,6x9,5x9,5x16,4x16","16x4,16x5,14x5,14x9,13x9,13x10,12x10,12x11,13x11,13x12,10x12,10x13,8x13,8x15,7x15,7x17,5x17,5x16,4x16","16x4,17x4,17x8,20x8,20x9,17x9,17x11,14x11,14x12,10x12,10x13,8x13,8x12,7x12,7x13,6x13,6x14,5x14,5x16,4x16","16x4,15x4,15x5,11x5,11x6,10x6,10x8,9x8,9x9,8x9,8x10,7x10,7x13,6x13,6x14,5x14,5x16,4x16","16x4,15x4,15x7,14x7,14x9,11x9,11x8,9x8,9x9,8x9,8x10,6x10,6x9,5x9,5x16,4x16","16x4,15x4,15x9,11x9,11x8,9x8,9x9,8x9,8x10,7x10,7x13,6x13,6x14,5x14,5x15,4x15,4x16","16x4,16x5,12x5,12x6,11x6,11x8,9x8,9x9,8x9,8x10,7x10,7x13,6x13,6x14,5x14,5x16,4x16","16x4,15x4,15x8,14x8,14x9,13x9,13x10,12x10,12x11,13x11,13x12,10x12,10x13,8x13,8x12,7x12,7x13,6x13,6x14,5x14,5x16,4x16","16x4,15x4,15x9,11x9,11x8,9x8,9x9,8x9,8x10,6x10,6x9,5x9,5x16,4x16","16x4,15x4,15x9,14x9,14x12,10x12,10x14,8x14,8x15,7x15,7x17,5x17,5x16,4x16","16x4,15x4,15x9,11x9,11x8,9x8,9x9,8x9,8x10,7x10,7x13,6x13,6x14,5x14,5x16,4x16","16x4,16x5,15x5,15x9,11x9,11x8,9x8,9x9,8x9,8x10,7x10,7x13,6x13,6x14,5x14,5x16,4x16","16x4,15x4,15x9,14x9,14x12,10x12,10x14,9x14,9x15,7x15,7x17,5x17,5x16,4x16","16x4,15x4,15x5,14x5,14x9,13x9,13x10,12x10,12x11,13x11,13x12,10x12,10x14,9x14,9x15,7x15,7x17,5x17,5x16,4x16","16x4,15x4,15x9,11x9,11x8,9x8,9x9,8x9,8x10,6x10,6x12,5x12,5x15,4x15,4x16"
"16x4,16x5,15x5,15x9,14x9,14x12,11x12,11x13,12x13,12x14,9x14,9x15,7x15,7x17,5x17,5x16,4x16","16x4,16x5,14x5,14x12,10x12,10x14,9x14,9x15,7x15,7x17,5x17,5x16,4x16","16x4,15x4,15x9,14x9,14x12,10x12,10x14,8x14,8x15,7x15,7x17,5x17,5x16,4x16","16x4,16x5,15x5,15x9,14x9,14x12,10x12,10x13,8x13,8x15,7x15,7x17,5x17,5x16,4x16","16x4,16x5,14x5,14x12,11x12,11x13,10x13,10x14,8x14,8x15,7x15,7x17,5x17,5x16,4x16","16x4,15x4,15x9,14x9,14x12,11x12,11x13,12x13,12x14,9x14,9x15,7x15,7x17,5x17,5x16,4x16","16x4,16x5,12x5,12x6,11x6,11x8,9x8,9x9,8x9,8x10,7x10,7x11,6x11,6x12,5x12,5x16,4x16","16x4,16x5,15x5,15x9,14x9,14x12,10x12,10x14,8x14,8x15,7x15,7x17,5x17,5x16,4x16","16x4,15x4,15x9,14x9,14x12,10x12,10x14,8x14,8x15,7x15,7x17,5x17,5x16,4x16","16x4,16x5,14x5,14x12,10x12,10x13,8x13,8x12,7x12,7x13,6x13,6x14,5x14,5x16,4x16","16x4,15x4,15x5,10x5,10x8,9x8,9x9,8x9,8x10,7x10,7x13,6x13,6x14,5x14,5x16,4x16","16x4,16x5,14x5,14x12,11x12,11x13,12x13,12x14,8x14,8x15,7x15,7x17,5x17,5x16,4x16","16x4,16x5,14x5,14x12,10x12,10x14,9x14,9x15,7x15,7x17,5x17,5x16,4x16","16x4,15x4,15x9,14x9,14x12,10x12,10x13,8x13,8x12,7x12,7x13,6x13,6x14,5x14,5x16,4x16","16x4,15x4,15x9,14x9,14x12,10x12,10x13,8x13,8x15,7x15,7x17,5x17,5x16,4x16","16x4,16x5,14x5,14x12,10x12,10x14,9x14,9x15,7x15,7x17,5x17,5x16,4x16","16x4,16x5,14x5,14x12,11x12,11x13,10x13,10x14,8x14,8x15,7x15,7x17,5x17,5x16,4x16","16x4,16x5,14x5,14x12,10x12,10x14,9x14,9x15,7x15,7x17,5x17,5x16,4x16","16x4,16x5,14x5,14x12,11x12,11x13,8x13,8x15,7x15,7x17,5x17,5x16,4x16","16x4,15x4,15x9,14x9,14x12,11x12,11x13,10x13,10x14,9x14,9x15,7x15,7x17,5x17,5x16,4x16","16x4,16x5,15x5,15x9,14x9,14x12,10x12,10x14,8x14,8x15,7x15,7x17,5x17,5x16,4x16","16x4,15x4,15x5,14x5,14x12,10x12,10x14,9x14,9x15,7x15,7x17,5x17,5x16,4x16","16x4,16x5,14x5,14x12,11x12,11x13,12x13,12x14,8x14,8x15,7x15,7x17,5x17,5x16,4x16","16x4,16x5,14x5,14x12,10x12,10x13,8x13,8x15,7x15,7x17,5x17,5x16,4x16","16x4,16x5,15x5,15x9,14x9,14x12,11x12,11x13,10x13,10x14,9x14,9x15,7x15,7x17,5x17,5x16,4x16","16x4,16x5,15x5,15x9,14x9,14x12,10x12,10x13,8x13,8x12,7x12,7x13,6x13,6x14,5x14,5x16,4x16","16x4,16x5,14x5,14x12,10x12,10x14,8x14,8x15,7x15,7x17,5x17,5x16,4x16","16x4,15x4,15x9,14x9,14x12,10x12,10x13,8x13,8x15,7x15,7x17,5x17,5x16,4x16","16x4,16x5,15x5,15x9,14x9,14x12,11x12,11x13,12x13,12x14,9x14,9x15,7x15,7x17,5x17,5x16,4x16","16x4,15x4,15x9,14x9,14x12,10x12,10x14,9x14,9x15,7x15,7x17,5x17,5x16,4x16","16x4,15x4,15x9,14x9,14x12,10x12,10x14,8x14,8x15,7x15,7x17,5x17,5x16,4x16","16x4,16x5,15x5,15x9,14x9,14x12,10x12,10x14,9x14,9x15,7x15,7x17,5x17,5x16,4x16","16x4,16x5,14x5,14x12,10x12,10x13,8x13,8x15,7x15,7x17,5x17,5x16,4x16"
"16x4,16x5,15x5,15x9,13x9,13x10,12x10,12x11,13x11,13x12,10x12,10x13,8x13,8x12,7x12,7x13,6x13,6x14,5x14,5x16,4x16","16x4,16x5,15x5,15x7,14x7,14x11,13x11,13x12,11x12,11x13,8x13,8x12,7x12,7x13,6x13,6x14,5x14,5x16,4x16","16x4,16x5,10x5,10x8,9x8,9x9,8x9,8x10,7x10,7x13,6x13,6x14,5x14,5x16,4x16","16x4,16x5,15x5,15x9,14x9,14x12,11x12,11x13,10x13,10x14,9x14,9x15,7x15,7x17,5x17,5x16,4x16","16x4,15x4,15x5,11x5,11x8,9x8,9x9,8x9,8x10,7x10,7x8,5x8,5x16,4x16","16x4,16x5,15x5,15x9,13x9,13x10,12x10,12x11,13x11,13x12,10x12,10x14,8x14,8x15,7x15,7x17,5x17,5x16,4x16","16x4,15x4,15x5,11x5,11x9,13x9,13x10,12x10,12x11,13x11,13x12,11x12,11x13,8x13,8x15,7x15,7x17,5x17,5x16,4x16","16x4,15x4,15x7,14x7,14x9,13x9,13x10,12x10,12x11,13x11,13x12,10x12,10x13,8x13,8x15,7x15,7x17,5x17,5x16,4x16","16x4,15x4,15x5,10x5,10x8,9x8,9x9,8x9,8x10,6x10,6x14,5x14,5x16,4x16","16x4,16x5,12x5,12x6,11x6,11x7,10x7,10x8,9x8,9x9,8x9,8x10,7x10,7x13,6x13,6x14,5x14,5x16,4x16","16x4,16x3,15x3,15x7,14x7,14x11,13x11,13x12,11x12,11x13,8x13,8x11,6x11,6x14,5x14,5x16,4x16","16x4,15x4,15x9,11x9,11x8,9x8,9x9,8x9,8x10,7x10,7x8,4x8,4x10,5x10,5x16,4x16","16x4,16x5,14x5,14x12,10x12,10x14,8x14,8x15,7x15,7x17,5x17,5x16,4x16","16x4,15x4,15x9,14x9,14x12,11x12,11x13,8x13,8x12,7x12,7x13,6x13,6x14,5x14,5x16,4x16","16x4,15x4,15x9,13x9,13x10,12x10,12x11,13x11,13x12,10x12,10x13,8x13,8x12,7x12,7x13,6x13,6x14,5x14,5x16,4x16","16x4,15x4,15x6,14x6,14x9,13x9,13x10,12x10,12x11,13x11,13x12,10x12,10x14,9x14,9x15,7x15,7x17,5x17,5x16,4x16","16x4,15x4,15x9,13x9,13x10,12x10,12x11,13x11,13x12,11x12,11x13,8x13,8x15,7x15,7x17,5x17,5x16,4x16","16x4,15x4,15x7,14x7,14x11,13x11,13x12,10x12,10x13,8x13,8x15,7x15,7x17,5x17,5x16,4x16","16x4,16x5,15x5,15x7,14x7,14x9,13x9,13x10,12x10,12x11,13x11,13x12,10x12,10x13,8x13,8x15,7x15,7x17,5x17,5x16,4x16","16x4,16x5,14x5,14x12,11x12,11x13,8x13,8x15,7x15,7x17,5x17,5x16,4x16","16x4,16x5,17x5,17x8,20x8,20x9,17x9,17x11,13x11,13x12,10x12,10x13,8x13,8x15,7x15,7x17,5x17,5x16,4x16","16x4,15x4,15x7,14x7,14x11,13x11,13x12,10x12,10x13,8x13,8x12,7x12,7x13,6x13,6x14,5x14,5x16,4x16","16x4,15x4,15x7,14x7,14x9,13x9,13x10,12x10,12x11,13x11,13x12,10x12,10x14,8x14,8x15,7x15,7x17,5x17,5x16,4x16","16x4,16x5,14x5,14x12,10x12,10x13,8x13,8x15,7x15,7x17,5x17,5x16,4x16","16x4,16x5,15x5,15x9,11x9,11x8,9x8,9x9,8x9,8x10,7x10,7x13,6x13,6x14,5x14,5x16,4x16","16x4,15x4,15x7,14x7,14x9,13x9,13x10,12x10,12x11,13x11,13x12,10x12,10x13,8x13,8x12,7x12,7x13,6x13,6x14,5x14,5x16,4x16","16x4,16x5,15x5,15x6,14x6,14x12,10x12,10x13,8x13,8x15,7x15,7x17,5x17,5x16,4x16","16x4,16x5,11x5,11x8,9x8,9x9,8x9,8x10,7x10,7x8,5x8,5x16,4x16","16x4,15x4,15x9,13x9,13x10,12x10,12x11,14x11,14x12,10x12,10x13,8x13,8x12,7x12,7x13,6x13,6x14,5x14,5x16,4x16","16x4,16x5,11x5,11x8,9x8,9x9,8x9,8x10,7x10,7x11,6x11,6x14,5x14,5x16,4x16","16x4,16x5,15x5,15x9,14x9,14x12,11x12,11x13,8x13,8x15,7x15,7x17,5x17,5x16,4x16","16x4,15x4,15x5,14x5,14x9,13x9,13x10,12x10,12x11,13x11,13x12,10x12,10x13,8x13,8x12,7x12,7x13,6x13,6x14,5x14,5x15,4x15,4x16","16x4,16x5,14x5,14x12,10x12,10x13,8x13,8x15,7x15,7x17,5x17,5x16,4x16"
"16x4,16x5,14x5,14x12,11x12,11x13,10x13,10x14,9x14,9x15,7x15,7x17,5x17,5x16,4x16","16x4,15x4,15x9,14x9,14x12,11x12,11x13,10x13,10x14,8x14,8x15,7x15,7x17,5x17,5x16,4x16","16x4,16x5,15x5,15x9,14x9,14x12,10x12,10x14,9x14,9x15,7x15,7x17,5x17,5x16,4x16","16x4,16x5,15x5,15x9,14x9,14x12,11x12,11x13,8x13,8x15,7x15,7x17,5x17,5x16,4x16","16x4,16x5,14x5,14x12,10x12,10x14,8x14,8x15,7x15,7x17,5x17,5x16,4x16","16x4,15x4,15x9,14x9,14x12,10x12,10x14,9x14,9x15,7x15,7x17,5x17,5x16,4x16","16x4,16x5,15x5,15x7,14x7,14x12,11x12,11x13,8x13,8x15,7x15,7x17,5x17,5x16,4x16","16x4,16x5,14x5,14x12,11x12,11x13,8x13,8x15,7x15,7x17,5x17,5x16,4x16","16x4,15x4,15x9,14x9,14x12,11x12,11x13,10x13,10x14,8x14,8x15,7x15,7x17,5x17,5x16,4x16","16x4,15x4,15x9,14x9,14x12,11x12,11x13,10x13,10x14,8x14,8x15,7x15,7x17,5x17,5x16,4x16","16x4,15x4,15x5,12x5,12x6,10x6,10x8,9x8,9x9,8x9,8x10,6x10,6x12,5x12,5x16,4x16","16x4,16x5,15x5,15x9,14x9,14x11,13x11,13x12,10x12,10x14,8x14,8x15,7x15,7x17,5x17,5x16,4x16","16x4,16x5,14x5,14x12,10x12,10x13,8x13,8x15,7x15,7x17,5x17,5x16,4x16","16x4,15x4,15x9,14x9,14x12,10x12,10x13,8x13,8x12,7x12,7x13,6x13,6x14,5x14,5x16,4x16","16x4,16x5,15x5,15x9,14x9,14x12,10x12,10x14,8x14,8x12,7x12,7x11,6x11,6x12,5x12,5x16,4x16","16x4,15x4,15x7,14x7,14x12,10x12,10x13,8x13,8x12,7x12,7x13,6x13,6x12,5x12,5x16,4x16","16x4,15x4,15x9,14x9,14x12,11x12,11x13,10x13,10x14,8x14,8x15,7x15,7x17,5x17,5x16,4x16","16x4,16x5,15x5,15x9,14x9,14x12,11x12,11x13,10x13,10x14,9x14,9x15,7x15,7x17,5x17,5x16,4x16","16x4,16x5,14x5,14x12,11x12,11x13,10x13,10x14,8x14,8x15,7x15,7x17,5x17,5x16,4x16","16x4,16x5,15x5,15x9,14x9,14x12,11x12,11x13,10x13,10x14,9x14,9x15,7x15,7x17,5x17,5x16,4x16","16x4,15x4,15x9,14x9,14x12,11x12,11x13,12x13,12x14,9x14,9x15,7x15,7x17,5x17,5x16,4x16","16x4,15x4,15x9,14x9,14x12,10x12,10x13,8x13,8x12,7x12,7x13,6x13,6x14,5x14,5x16,4x16","16x4,15x4,15x9,14x9,14x12,11x12,11x13,12x13,12x14,8x14,8x15,7x15,7x17,5x17,5x16,4x16","16x4,16x5,14x5,14x12,10x12,10x13,8x13,8x15,7x15,7x17,5x17,5x16,4x16","16x4,16x5,15x5,15x9,14x9,14x12,11x12,11x13,10x13,10x14,9x14,9x15,7x15,7x17,5x17,5x16,4x16","16x4,15x4,15x9,14x9,14x12,10x12,10x13,8x13,8x12,7x12,7x13,6x13,6x14,5x14,5x16,4x16","16x4,15x4,15x5,14x5,14x12,10x12,10x13,8x13,8x12,7x12,7x13,6x13,6x14,5x14,5x16,4x16","16x4,15x4,15x9,14x9,14x12,10x12,10x14,9x14,9x15,7x15,7x17,5x17,5x16,4x16","16x4,15x4,15x9,14x9,14x12,11x12,11x13,10x13,10x14,9x14,9x15,7x15,7x17,5x17,5x16,4x16","16x4,16x5,14x5,14x12,10x12,10x14,9x14,9x15,7x15,7x17,5x17,5x16,4x16","16x4,15x4,15x9,14x9,14x12,10x12,10x14,9x14,9x15,7x15,7x17,5x17,5x16,4x16","16x4,15x4,15x9,14x9,14x12,11x12,11x13,12x13,12x14,9x14,9x15,7x15,7x17,5x17,5x16,4x16","16x4,16x5,14x5,14x12,10x12,10x13,8x13,8x15,7x15,7x17,5x17,5x16,4x16"
"16x4,16x5,15x5,15x9,13x9,13x10,12x10,12x11,13x11,13x12,10x12,10x13,8x13,8x15,7x15,7x17,5x17,5x16,4x16","16x4,16x5,15x5,15x9,13x9,13x10,12x10,12x11,13x11,13x12,10x12,10x13,8x13,8x12,7x12,7x13,6x13,6x14,5x14,5x15,4x15,4x16","16x4,16x5,15x5,15x6,14x6,14x11,13x11,13x12,10x12,10x13,8x13,8x12,7x12,7x13,6x13,6x14,5x14,5x15,4x15,4x16","16x4,16x5,15x5,15x9,14x9,14x11,13x11,13x12,10x12,10x13,8x13,8x15,7x15,7x17,5x17,5x16,4x16","16x4,16x5,11x5,11x9,13x9,13x10,12x10,12x11,13x11,13x12,10x12,10x13,8x13,8x12,7x12,7x13,6x13,6x14,5x14,5x16,4x16","16x4,15x4,15x9,14x9,14x12,10x12,10x13,8x13,8x15,7x15,7x17,5x17,5x16,4x16","16x4,15x4,15x9,14x9,14x11,13x11,13x12,10x12,10x13,8x13,8x15,7x15,7x17,5x17,5x16,4x16","16x4,16x5,15x5,15x7,13x7,13x8,14x8,14x9,13x9,13x10,12x10,12x11,13x11,13x12,10x12,10x13,8x13,8x15,7x15,7x17,5x17,5x16,4x16","16x4,15x4,15x9,14x9,14x12,10x12,10x14,8x14,8x15,7x15,7x17,5x17,5x16,4x16","16x4,15x4,15x5,12x5,12x6,11x6,11x8,9x8,9x9,8x9,8x10,7x10,7x13,6x13,6x14,5x14,5x15,4x15,4x16","16x4,16x3,15x3,15x9,11x9,11x6,10x6,10x8,9x8,9x9,8x9,8x10,7x10,7x8,4x8,4x10,1x10,1x11,0x11,0x13,1x13,1x15,0x15,0x16,2x16,2x17,1x17,1x18,2x18,2x19,5x19,5x16,4x16","16x4,16x5,15x5,15x7,14x7,14x9,13x9,13x10,12x10,12x11,13x11,13x12,10x12,10x13,8x13,8x15,7x15,7x17,5x17,5x15,4x15,4x16","16x4,16x5,11x5,11x4,10x4,10x8,9x8,9x9,8x9,8x10,7x10,7x13,6x13,6x14,5x14,5x15,4x15,4x16","16x4,16x5,15x5,15x9,13x9,13x10,12x10,12x11,14x11,14x12,10x12,10x14,8x14,8x15,7x15,7x17,5x17,5x16,4x16","16x4,15x4,15x9,13x9,13x10,12x10,12x11,13x11,13x12,10x12,10x13,8x13,8x12,7x12,7x13,6x13,6x14,5x14,5x16,4x16","16x4,17x4,17x8,20x8,20x9,17x9,17x11,13x11,13x12,10x12,10x13,8x13,8x12,7x12,7x13,6x13,6x14,5x14,5x15,4x15,4x16","16x4,15x4,15x9,14x9,14x12,10x12,10x14,8x14,8x15,7x15,7x17,5x17,5x16,4x16","16x4,16x5,15x5,15x9,14x9,14x11,13x11,13x12,10x12,10x13,8x13,8x15,7x15,7x17,5x17,5x16,4x16","16x4,16x5,15x5,15x9,11x9,11x8,9x8,9x9,8x9,8x10,6x10,6x14,5x14,5x16,4x16","16x4,16x5,15x5,15x6,14x6,14x11,13x11,13x12,10x12,10x14,8x14,8x15,7x15,7x17,5x17,5x16,4x16","16x4,16x5,15x5,15x9,14x9,14x12,10x12,10x13,8x13,8x12,7x12,7x13,6x13,6x14,5x14,5x15,4x15,4x16","16x4,15x4,15x9,11x9,11x8,9x8,9x9,8x9,8x10,7x10,7x13,6x13,6x14,5x14,5x15,4x15,4x16","16x4,16x5,11x5,11x8,9x8,9x9,8x9,8x10,7x10,7x13,6x13,6x14,5x14,5x15,4x15,4x16","16x4,16x5,14x5,14x12,10x12,10x13,8x13,8x15,7x15,7x17,5x17,5x16,4x16","16x4,16x5,15x5,15x9,14x9,14x10,15x10,15x11,14x11,14x12,10x12,10x13,8x13,8x12,7x12,7x13,6x13,6x14,5x14,5x15,4x15,4x16","16x4,15x4,15x9,13x9,13x10,12x10,12x11,13x11,13x12,10x12,10x13,8x13,8x12,7x12,7x13,6x13,6x14,5x14,5x15,4x15,4x16","16x4,16x5,15x5,15x9,13x9,13x10,12x10,12x11,13x11,13x12,10x12,10x13,8x13,8x12,7x12,7x13,6x13,6x14,5x14,5x15,4x15,4x16","16x4,15x4,15x9,14x9,14x12,10x12,10x14,8x14,8x15,7x15,7x17,5x17,5x16,4x16","16x4,15x4,15x7,14x7,14x8,15x8,15x9,13x9,13x10,12x10,12x11,14x11,14x12,10x12,10x13,8x13,8x12,7x12,7x13,6x13,6x14,5x14,5x16,4x16","16x4,16x5,17x5,17x6,20x6,20x9,17x9,17x11,14x11,14x12,10x12,10x13,8x13,8x12,7x12,7x13,6x13,6x14,5x14,5x15,4x15,4x16","16x4,15x4,15x9,14x9,14x12,11x12,11x13,10x13,10x14,8x14,8x15,7x15,7x17,5x17,5x16,4x16","16x4,15x4,15x9,11x9,11x8,9x8,9x9,8x9,8x10,7x10,7x13,6x13,6x14,5x14,5x15,4x15,4x16","16x4,16x5,14x5,14x12,10x12,10x13,8x13,8x15,7x15,7x17,5x17,5x16,4x16"
"13x17,15x17,15x2,7x2,7x3","13x17,12x17,12x3,7x3","13x17,16x17,16x8,15x8,15x7,13x7,13x6,12x6,12x5,10x5,10x4,9x4,9x3,7x3","13x17,13x15,11x15,11x9,7x9,7x3","13x17,13x16,7x16,7x3","13x17,18x17,18x3,7x3","13x17,10x17,10x14,8x14,8x12,6x12,6x6,7x6,7x3","13x17,15x17,15x3,7x3","13x17,5x17,5x3,7x3","13x17,7x17,7x3","13x17,13x18,17x18,17x2,7x2,7x3","13x17,13x11,12x11,12x6,7x6,7x3","13x17,13x14,17x14,17x3,7x3","13x17,15x17,15x14,16x14,16x10,15x10,15x5,12x5,12x2,7x2,7x3","13x17,18x17,18x8,15x8,15x4,7x4,7x3","13x17,8x17,8x18,2x18,2x15,1x15,1x13,3x13,3x12,6x12,6x9,7x9,7x6,6x6,6x5,7x5,7x3","13x17,5x17,5x3,7x3","13x17,9x17,9x16,8x16,8x14,7x14,7x13,6x13,6x8,7x8,7x3","13x17,15x17,15x14,16x14,16x3,7x3","13x17,13x6,7x6,7x3","13x17,13x18,1x18,1x3,7x3","13x17,13x15,12x15,12x3,7x3","13x17,13x16,16x16,16x3,7x3","13x17,17x17,17x3,7x3","13x17,17x17,17x10,16x10,16x6,11x6,11x3,7x3","13x17,13x16,12x16,12x15,11x15,11x14,8x14,8x11,7x11,7x8,6x8,6x6,7x6,7x3","13x17,15x17,15x5,11x5,11x3,7x3","13x17,7x17,7x3","13x17,12x17,12x15,11x15,11x14,6x14,6x3,7x3","13x17,13x3,7x3","13x17,15x17,15x3,7x3","13x17,13x14,11x14,11x9,10x9,10x6,8x6,8x3,7x3","13x17,17x17,17x2,7x2,7x3"
"13x17,13x16,15x16,15x9,16x9,16x4,13x4,13x3,7x3","13x17,16x17,16x3,7x3","13x17,7x17,7x3","13x17,16x17,16x3,7x3","13x17,13x15,11x15,11x14,5x14,5x13,4x13,4x7,7x7,7x3","13x17,14x17,14x10,16x10,16x4,7x4,7x3","13x17,13x3,7x3","13x17,16x17,16x3,7x3","13x17,4x17,4x3,7x3","13x17,7x17,7x3","13x17,12x17,12x15,11x15,11x8,10x8,10x7,9x7,9x5,8x5,8x3,7x3","13x17,12x17,12x14,4x14,4x2,7x2,7x3","13x17,13x15,14x15,14x14,16x14,16x3,7x3","13x17,6x17,6x3,7x3","13x17,13x3,7x3","13x17,7x17,7x3","13x17,7x17,7x3","13x17,13x3,7x3","13x17,13x16,12x16,12x15,11x15,11x14,6x14,6x3,7x3","13x17,9x17,9x15,10x15,10x12,9x12,9x11,8x11,8x10,7x10,7x9,6x9,6x7,7x7,7x3","13x17,13x15,12x15,12x11,11x11,11x7,9x7,9x3,7x3","13x17,13x15,11x15,11x3,7x3","13x17,8x17,8x3,7x3","13x17,17x17,17x3,7x3","13x17,13x3,7x3","13x17,11x17,11x16,9x16,9x13,8x13,8x10,7x10,7x3","13x17,14x17,14x4,7x4,7x3","13x17,7x17,7x3","13x17,7x17,7x14,6x14,6x12,5x12,5x10,4x10,4x3,7x3","13x17,13x3,7x3","13x17,13x3,7x3","13x17,13x20,0x20,0x3,7x3","13x17,16x17,16x3,7x3"
"13x17,13x13,16x13,16x3,7x3","13x17,10x17,10x3,7x3","13x17,13x3,7x3","13x17,14x17,14x8,12x8,12x3,7x3","13x17,13x11,6x11,6x4,7x4,7x3","13x17,16x17,16x1,7x1,7x3","13x17,11x17,11x11,10x11,10x9,7x9,7x3","13x17,7x17,7x3","13x17,7x17,7x3","13x17,7x17,7x3","13x17,15x17,15x3,7x3","13x17,13x11,6x11,6x3,7x3","13x17,4x17,4x3,7x3","13x17,16x17,16x3,7x3","13x17,8x17,8x14,5x14,5x3,7x3","13x17,13x18,4x18,4x3,7x3","13x17,13x8,7x8,7x3","13x17,7x17,7x3","13x17,13x3,7x3","13x17,13x8,9x8,9x3,7x3","13x17,13x18,6x18,6x3,7x3","13x17,8x17,8x3,7x3","13x17,12x17,12x3,7x3","13x17,7x17,7x3","13x17,13x3,7x3","13x17,13x16,12x16,12x15,10x15,10x14,9x14,9x12,7x12,7x3","13x17,13x12,9x12,9x8,7x8,7x3","13x17,7x17,7x3","13x17,13x12,12x12,12x3,7x3","13x17,14x17,14x3,7x3","13x17,13x3,7x3","13x17,13x18,2x18,2x3,7x3","13x17,16x17,16x3,7x3"
"13x17,13x8,11x8,11x4,7x4,7x3","13x17,13x3,7x3","13x17,13x3,7x3","13x17,13x3,7x3","13x17,13x3,7x3","13x17,13x3,7x3","13x17,13x3,7x3","13x17,7x17,7x3","13x17,7x17,7x3","13x17,7x17,7x3","13x17,8x17,8x14,7x14,7x3","13x17,13x6,12x6,12x2,9x2,9x3,7x3","13x17,7x17,7x3","13x17,14x17,14x3,7x3","13x17,7x17,7x3","13x17,7x17,7x3","13x17,13x3,7x3","13x17,13x3,7x3","13x17,13x3,7x3","13x17,13x11,11x11,11x8,9x8,9x3,7x3","13x17,13x3,7x3","13x17,12x17,12x15,8x15,8x14,7x14,7x3","13x17,12x17,12x6,7x6,7x3","13x17,13x18,5x18,5x3,7x3","13x17,13x3,7x3","13x17,12x17,12x16,11x16,11x15,9x15,9x12,7x12,7x3","13x17,13x3,7x3","13x17,7x17,7x3","13x17,13x3,7x3","13x17,13x3,7x3","13x17,13x3,7x3","13x17,13x20,0x20,0x3,7x3","13x17,13x3,7x3"
"13x17,13x12,10x12,10x5,8x5,8x3,7x3","13x17,13x3,7x3","13x17,13x3,7x3","13x17,13x12,12x12,12x10,11x10,11x3,7x3","13x17,13x3,7x3","13x17,14x17,14x2,7x2,7x3","13x17,13x11,12x11,12x10,11x10,11x6,10x6,10x5,9x5,9x4,8x4,8x3,7x3","13x17,7x17,7x3","13x17,13x3,7x3","13x17,7x17,7x3","13x17,14x17,14x2,7x2,7x3","13x17,13x12,7x12,7x3","13x17,13x11,14x11,14x4,7x4,7x3","13x17,13x10,14x10,14x8,13x8,13x6,14x6,14x2,7x2,7x3","13x17,9x17,9x15,6x15,6x3,7x3","13x17,14x17,14x2,7x2,7x3","13x17,13x3,7x3","13x17,13x14,12x14,12x13,11x13,11x12,10x12,10x10,9x10,9x9,8x9,8x7,7x7,7x3","13x17,13x3,7x3","13x17,13x9,10x9,10x4,9x4,9x3,7x3","13x17,14x17,14x2,7x2,7x3","13x17,10x17,10x5,7x5,7x3","13x17,12x17,12x3,7x3","13x17,14x17,14x2,7x2,7x3","13x17,13x9,11x9,11x8,7x8,7x3","13x17,13x16,11x16,11x15,10x15,10x13,9x13,9x9,8x9,8x6,7x6,7x3","13x17,9x17,9x8,7x8,7x3","13x17,13x3,7x3","13x17,13x3,7x3","13x17,6x17,6x3,7x3","13x17,13x3,7x3","13x17,9x17,9x11,8x11,8x9,7x9,7x6,6x6,6x3,7x3","13x17,14x17,14x3,7x3"
"13x17,12x17,12x11,11x11,11x10,10x10,10x9,9x9,9x6,8x6,8x3,7x3","13x17,13x3,7x3","13x17,13x3,7x3","13x17,13x3,7x3","13x17,13x4,7x4,7x3","13x17,13x3,7x3","13x17,13x3,7x3","13x17,13x3,7x3","13x17,7x17,7x3","13x17,12x17,12x16,11x16,11x11,10x11,10x10,9x10,9x9,8x9,8x4,7x4,7x3","13x17,12x17,12x13,11x13,11x1,10x1,10x2,9x2,9x3,7x3","13x17,13x15,20x15,20x3,7x3","13x17,15x17,15x2,7x2,7x3","13x17,6x17,6x3,7x3","13x17,13x14,0x14,0x10,1x10,1x8,0x8,0x6,1x6,1x1,7x1,7x3","13x17,7x17,7x3","13x17,13x3,7x3","13x17,13x19,12x19,12x20,3x20,3x19,1x19,1x16,0x16,0x10,1x10,1x8,0x8,0x6,1x6,1x3,7x3","13x17,13x3,7x3","13x17,13x3,7x3","13x17,12x17,12x15,11x15,11x11,10x11,10x9,9x9,9x4,7x4,7x3","13x17,11x17,11x5,7x5,7x3","13x17,12x17,12x20,7x20,7x3","13x17,14x17,14x0,7x0,7x3","13x17,13x3,7x3","13x17,8x17,8x10,7x10,7x3","13x17,14x17,14x8,7x8,7x3","13x17,7x17,7x3","13x17,13x3,7x3","13x17,13x3,7x3","13x17,13x3,7x3","13x17,13x19,12x19,12x20,3x20,3x19,2x19,2x18,1x18,1x16,0x16,0x6,1x6,1x4,4x4,4x3,7x3","13x17,13x3,7x3"
"13x17,13x15,14x15,14x6,11x6,11x5,8x5,8x4,7x4,7x3","13x17,13x16,12x16,12x4,7x4,7x3","13x17,8x17,8x13,7x13,7x7,8x7,8x4,7x4,7x3","13x17,13x16,14x16,14x6,12x6,12x4,7x4,7x3","13x17,9x17,9x13,7x13,7x7,6x7,6x3,7x3","13x17,18x17,18x14,17x14,17x2,11x2,11x4,7x4,7x3","13x17,13x14,10x14,10x13,8x13,8x11,6x11,6x3,7x3","13x17,13x15,14x15,14x6,12x6,12x4,7x4,7x3","13x17,8x17,8x11,6x11,6x3,7x3","13x17,8x17,8x11,6x11,6x3,7x3","13x17,13x16,8x16,8x11,7x11,7x7,6x7,6x3,7x3","13x17,8x17,8x11,7x11,7x9,5x9,5x5,6x5,6x3,7x3","13x17,8x17,8x13,4x13,4x11,5x11,5x10,6x10,6x3,7x3","13x17,8x17,8x11,6x11,6x9,5x9,5x5,6x5,6x3,7x3","13x17,13x16,14x16,14x13,16x13,16x12,15x12,15x6,12x6,12x5,8x5,8x4,7x4,7x3","13x17,11x17,11x16,8x16,8x13,7x13,7x9,9x9,9x7,6x7,6x3,7x3","13x17,12x17,12x4,10x4,10x5,9x5,9x4,7x4,7x3","13x17,13x16,8x16,8x13,6x13,6x3,7x3","13x17,13x16,8x16,8x14,6x14,6x3,7x3","13x17,13x16,10x16,10x12,7x12,7x5,6x5,6x3,7x3","13x17,8x17,8x12,7x12,7x7,6x7,6x3,7x3","13x17,13x15,14x15,14x6,11x6,11x5,8x5,8x4,7x4,7x3","13x17,8x17,8x11,7x11,7x7,6x7,6x3,7x3","13x17,10x17,10x12,4x12,4x3,7x3","13x17,13x16,8x16,8x13,7x13,7x12,4x12,4x3,7x3","13x17,13x16,8x16,8x11,7x11,7x7,8x7,8x4,7x4,7x3","13x17,13x16,7x16,7x17,4x17,4x3,7x3","13x17,12x17,12x7,8x7,8x4,7x4,7x3","13x17,13x16,14x16,14x6,12x6,12x4,7x4,7x3","13x17,8x17,8x12,7x12,7x7,6x7,6x3,7x3","13x17,12x17,12x5,11x5,11x4,7x4,7x3","13x17,13x16,7x16,7x17,3x17,3x16,2x16,2x13,3x13,3x12,2x12,2x2,4x2,4x3,7x3","13x17,8x17,8x13,7x13,7x7,6x7,6x3,7x3"
"13x17,9x17,9x10,7x10,7x5,6x5,6x3,7x3","13x17,12x17,12x13,11x13,11x11,10x11,10x10,7x10,7x5,6x5,6x3,7x3","13x17,12x17,12x4,7x4,7x3","13x17,13x13,11x13,11x12,10x12,10x10,7x10,7x5,6x5,6x3,7x3","13x17,13x12,11x12,11x10,7x10,7x5,6x5,6x3,7x3","13x17,15x17,15x15,17x15,17x9,15x9,15x2,11x2,11x4,7x4,7x3","13x17,12x17,12x9,11x9,11x7,8x7,8x4,7x4,7x3","13x17,12x17,12x13,11x13,11x11,10x11,10x10,7x10,7x6,8x6,8x4,7x4,7x3","13x17,8x17,8x11,7x11,7x5,6x5,6x3,7x3","13x17,9x17,9x13,6x13,6x3,7x3","13x17,12x17,12x13,11x13,11x11,10x11,10x10,9x10,9x7,8x7,8x5,9x5,9x4,7x4,7x3","13x17,11x17,11x11,10x11,10x10,7x10,7x6,8x6,8x4,7x4,7x3","13x17,11x17,11x15,8x15,8x11,6x11,6x7,7x7,7x5,8x5,8x4,7x4,7x3","13x17,12x17,12x13,11x13,11x10,9x10,9x9,7x9,7x5,6x5,6x3,7x3","13x17,8x17,8x19,7x19,7x20,3x20,3x19,1x19,1x17,2x17,2x16,1x16,1x14,2x14,2x13,1x13,1x8,2x8,2x7,3x7,3x2,7x2,7x3","13x17,12x17,12x13,11x13,11x11,10x11,10x10,7x10,7x7,6x7,6x3,7x3","13x17,12x17,12x4,7x4,7x3","13x17,12x17,12x16,10x16,10x15,9x15,9x13,8x13,8x11,7x11,7x5,6x5,6x3,7x3","13x17,13x13,11x13,11x11,10x11,10x10,9x10,9x9,7x9,7x6,8x6,8x4,7x4,7x3","13x17,13x14,10x14,10x10,9x10,9x7,8x7,8x4,7x4,7x3","13x17,12x17,12x13,11x13,11x11,10x11,10x10,9x10,9x7,8x7,8x4,7x4,7x3","13x17,11x17,11x11,10x11,10x10,9x10,9x7,8x7,8x4,7x4,7x3","13x17,8x17,8x12,7x12,7x5,6x5,6x3,7x3","13x17,9x17,9x12,2x12,2x2,7x2,7x3","13x17,9x17,9x13,7x13,7x6,8x6,8x4,7x4,7x3","13x17,12x17,12x16,11x16,11x15,9x15,9x13,8x13,8x11,7x11,7x5,8x5,8x4,7x4,7x3","13x17,15x17,15x15,17x15,17x14,14x14,14x11,13x11,13x6,11x6,11x5,9x5,9x4,7x4,7x3","13x17,12x17,12x4,7x4,7x3","13x17,12x17,12x13,11x13,11x11,10x11,10x10,7x10,7x7,6x7,6x3,7x3","13x17,12x17,12x6,11x6,11x5,9x5,9x4,7x4,7x3","13x17,13x12,12x12,12x4,7x4,7x3","13x17,15x17,15x15,17x15,17x7,15x7,15x2,13x2,13x1,10x1,10x3,11x3,11x4,7x4,7x3","13x17,8x17,8x13,7x13,7x5,6x5,6x3,7x3"
"13x17,10x17,10x12,7x12,7x5,6x5,6x3,7x3","13x17,12x17,12x4,7x4,7x3","13x17,9x17,9x13,7x13,7x5,8x5,8x4,7x4,7x3","13x17,13x12,12x12,12x9,11x9,11x7,8x7,8x5,6x5,6x3,7x3","13x17,13x16,8x16,8x13,6x13,6x9,4x9,4x3,7x3","13x17,18x17,18x14,17x14,17x6,11x6,11x4,7x4,7x3","13x17,13x16,12x16,12x6,11x6,11x5,9x5,9x4,7x4,7x3","13x17,8x17,8x11,7x11,7x7,8x7,8x4,7x4,7x3","13x17,8x17,8x13,6x13,6x3,7x3","13x17,11x17,11x15,10x15,10x13,9x13,9x12,6x12,6x3,7x3","13x17,13x14,11x14,11x16,8x16,8x15,9x15,9x7,8x7,8x4,7x4,7x3","13x17,11x17,11x12,7x12,7x5,6x5,6x3,7x3","13x17,8x17,8x12,7x12,7x9,6x9,6x3,7x3","13x17,11x17,11x19,7x19,7x20,6x20,6x18,4x18,4x12,2x12,2x2,7x2,7x3","13x17,13x16,10x16,10x15,8x15,8x14,6x14,6x3,7x3","13x17,11x17,11x12,3x12,3x9,4x9,4x3,7x3","13x17,12x17,12x4,7x4,7x3","13x17,13x16,12x16,12x14,11x14,11x12,8x12,8x11,7x11,7x5,6x5,6x3,7x3","13x17,13x16,9x16,9x15,8x15,8x11,7x11,7x5,8x5,8x4,7x4,7x3","13x17,13x14,10x14,10x10,9x10,9x9,7x9,7x7,6x7,6x3,7x3","13x17,13x16,14x16,14x6,12x6,12x4,7x4,7x3","13x17,10x17,10x16,8x16,8x11,7x11,7x7,6x7,6x3,7x3","13x17,10x17,10x15,8x15,8x14,6x14,6x3,7x3","13x17,15x17,15x15,17x15,17x9,4x9,4x3,7x3","13x17,11x17,11x12,12x12,12x4,7x4,7x3","13x17,13x16,12x16,12x14,11x14,11x12,12x12,12x4,7x4,7x3","13x17,12x17,12x14,11x14,11x12,12x12,12x6,11x6,11x5,8x5,8x4,7x4,7x3","13x17,12x17,12x4,7x4,7x3","13x17,13x16,8x16,8x13,6x13,6x3,7x3","13x17,12x17,12x14,11x14,11x12,7x12,7x5,6x5,6x3,7x3","13x17,8x17,8x11,7x11,7x5,8x5,8x4,7x4,7x3","13x17,18x17,18x15,17x15,17x2,11x2,11x4,7x4,7x3","13x17,13x16,8x16,8x13,6x13,6x3,7x3"
"13x17,11x17,11x14,10x14,10x10,9x10,9x9,7x9,7x5,8x5,8x4,7x4,7x3","13x17,13x16,14x16,14x9,10x9,10x8,9x8,9x7,8x7,8x4,7x4,7x3","13x17,12x17,12x4,7x4,7x3","13x17,13x12,12x12,12x9,9x9,9x7,7x7,7x5,8x5,8x4,7x4,7x3","13x17,13x12,6x12,6x3,7x3","13x17,13x16,14x16,14x6,11x6,11x5,10x5,10x4,7x4,7x3","13x17,13x12,12x12,12x5,10x5,10x4,7x4,7x3","13x17,13x16,9x16,9x9,7x9,7x5,8x5,8x4,7x4,7x3","13x17,8x17,8x11,7x11,7x5,6x5,6x3,7x3","13x17,13x12,12x12,12x6,11x6,11x5,10x5,10x4,7x4,7x3","13x17,12x17,12x13,13x13,13x12,12x12,12x9,13x9,13x8,12x8,12x6,11x6,11x5,10x5,10x4,7x4,7x3","13x17,13x12,11x12,11x11,10x11,10x10,9x10,9x7,7x7,7x5,6x5,6x3,7x3","13x17,13x12,6x12,6x3,7x3","13x17,12x17,12x14,11x14,11x12,7x12,7x5,8x5,8x4,7x4,7x3","13x17,18x17,18x14,17x14,17x13,16x13,16x12,15x12,15x11,13x11,13x6,11x6,11x4,7x4,7x3","13x17,13x16,9x16,9x13,4x13,4x12,5x12,3x12,3x11,3x9,4x9,4x4,6x4,6x3,7x3","13x17,12x17,12x4,7x4,7x3","13x17,13x12,11x12,11x11,10x11,10x10,7x10,7x5,6x5,6x3,7x3","13x17,13x12,12x12,12x11,10x11,10x10,9x10,9x7,7x7,7x5,8x5,8x4,7x4,7x3","13x17,13x12,12x12,12x6,11x6,11x4,7x4,7x3","13x17,12x17,12x11,10x11,10x10,7x10,7x5,8x5,8x4,7x4,7x3","13x17,13x16,12x16,12x13,11x13,11x11,10x11,10x10,7x10,7x5,6x5,6x3,7x3","13x17,12x17,12x11,10x11,10x10,7x10,7x5,6x5,6x3,7x3","13x17,12x17,12x4,7x4,7x3","13x17,13x12,11x12,11x10,12x10,12x9,10x9,10x8,9x8,9x7,7x7,7x5,8x5,8x4,7x4,7x3","13x17,13x12,11x12,11x11,10x11,10x10,7x10,7x5,8x5,8x4,7x4,7x3","13x17,13x12,7x12,7x5,8x5,8x4,7x4,7x3","13x17,13x12,12x12,12x4,7x4,7x3","13x17,13x12,11x12,11x11,10x11,10x10,7x10,7x5,8x5,8x4,7x4,7x3","13x17,13x12,11x12,11x11,10x11,10x10,7x10,7x5,8x5,8x4,7x4,7x3","13x17,8x17,8x11,7x11,7x5,8x5,8x4,7x4,7x3","13x17,13x16,14x16,14x11,15x11,15x6,11x6,11x5,10x5,10x4,7x4,7x3","13x17,13x12,12x12,12x5,8x5,8x4,7x4,7x3"
"13x17,12x17,12x6,11x6,11x5,8x5,8x4,7x4,7x3","13x17,12x17,12x5,8x5,8x4,7x4,7x3","13x17,12x17,12x4,7x4,7x3","13x17,12x17,12x14,13x14,13x12,12x12,12x9,11x9,11x7,12x7,12x5,8x5,8x4,7x4,7x3","13x17,9x17,9x13,6x13,6x9,7x9,7x5,6x5,6x3,7x3","13x17,12x17,12x5,6x5,6x3,7x3","13x17,10x17,10x12,11x12,11x10,12x10,12x6,11x6,11x4,7x4,7x3","13x17,13x12,12x12,12x4,7x4,7x3","13x17,9x17,9x15,8x15,8x13,6x13,6x3,7x3","13x17,8x17,8x14,6x14,6x3,7x3","13x17,12x17,12x9,13x9,13x6,12x6,12x4,10x4,10x5,8x5,8x4,7x4,7x3","13x17,11x17,11x10,12x10,12x5,6x5,6x3,7x3","13x17,8x17,8x13,6x13,6x3,7x3","13x17,12x17,12x14,11x14,11x12,10x12,10x10,9x10,9x9,7x9,7x7,8x7,8x4,7x4,7x3","13x17,11x17,11x15,8x15,8x14,6x14,6x3,7x3","13x17,13x16,14x16,14x13,16x13,16x12,15x12,15x7,12x7,12x4,7x4,7x3","13x17,12x17,12x4,7x4,7x3","13x17,9x17,9x16,8x16,8x14,6x14,6x3,7x3","13x17,13x14,12x14,12x4,7x4,7x3","13x17,13x15,12x15,12x4,7x4,7x3","13x17,11x17,11x16,10x16,10x15,8x15,8x14,6x14,6x3,7x3","13x17,10x17,10x15,8x15,8x14,6x14,6x3,7x3","13x17,12x17,12x16,11x16,11x15,8x15,8x13,7x13,7x5,6x5,6x3,7x3","13x17,12x17,12x9,6x9,6x3,7x3","13x17,11x17,11x14,10x14,10x13,6x13,6x3,7x3","13x17,12x17,12x7,8x7,8x4,7x4,7x3","13x17,10x17,10x11,12x11,12x5,6x5,6x3,7x3","13x17,12x17,12x4,7x4,7x3","13x17,13x16,8x16,8x11,7x11,7x5,6x5,6x3,7x3","13x17,8x17,8x14,6x14,6x3,7x3","13x17,12x17,12x4,7x4,7x3","13x17,13x16,14x16,14x11,13x11,13x6,11x6,11x4,7x4,7x3","13x17,11x17,11x15,8x15,8x14,6x14,6x3,7x3"
"13x17,12x17,12x16,11x16,11x12,9x12,9x10,7x10,7x6,8x6,8x4,7x4,7x3","13x17,11x17,11x12,8x12,8x11,7x11,7x6,8x6,8x4,7x4,7x3","13x17,12x17,12x4,7x4,7x3","13x17,12x17,12x4,7x4,7x3","13x17,13x12,6x12,6x9,7x9,7x5,6x5,6x3,7x3","13x17,12x17,12x16,11x16,11x12,9x12,9x7,7x7,7x5,6x5,6x3,7x3","13x17,12x17,12x5,10x5,10x4,7x4,7x3","13x17,12x17,12x16,11x16,11x15,10x15,10x13,9x13,9x10,7x10,7x6,8x6,8x5,10x5,10x4,7x4,7x3","13x17,8x17,8x11,7x11,7x6,8x6,8x4,7x4,7x3","13x17,12x17,12x4,7x4,7x3","13x17,12x17,12x8,14x8,14x6,11x6,11x4,7x4,7x3","13x17,13x18,16x18,16x17,18x17,18x14,14x14,14x11,13x11,13x8,9x8,9x7,7x7,7x5,8x5,8x4,7x4,7x3","13x17,11x17,11x10,12x10,12x4,7x4,7x3","13x17,11x17,11x10,9x10,9x7,7x7,7x5,8x5,8x4,7x4,7x3","13x17,11x17,11x19,7x19,7x20,6x20,6x18,4x18,4x15,2x15,2x13,1x13,1x11,2x11,2x4,3x4,3x2,4x2,4x3,7x3","13x17,12x17,12x16,11x16,11x12,6x12,6x11,7x11,7x10,9x10,9x7,8x7,8x4,7x4,7x3","13x17,13x12,12x12,12x4,7x4,7x3","13x17,12x17,12x16,11x16,11x12,9x12,9x11,6x11,6x3,7x3","13x17,12x17,12x16,11x16,11x12,8x12,8x11,7x11,7x6,8x6,8x4,7x4,7x3","13x17,13x12,12x12,12x9,9x9,9x7,8x7,8x4,7x4,7x3","13x17,12x17,12x14,11x14,11x10,9x10,9x7,6x7,6x3,7x3","13x17,12x17,12x16,10x16,10x15,8x15,8x11,7x11,7x6,8x6,8x4,7x4,7x3","13x17,13x14,11x14,11x12,8x12,8x11,7x11,7x7,6x7,6x3,7x3","13x17,13x16,14x16,14x6,17x6,17x2,11x2,11x4,7x4,7x3","13x17,12x17,12x16,11x16,11x11,13x11,13x9,10x9,10x8,9x8,9x7,8x7,8x4,7x4,7x3","13x17,12x17,12x16,11x16,11x12,8x12,8x11,7x11,7x5,6x5,6x3,7x3","13x17,12x17,12x16,11x16,11x12,8x12,8x11,6x11,6x10,7x10,7x5,6x5,6x3,7x3","13x17,12x17,12x4,7x4,7x3","13x17,12x17,12x16,11x16,11x10,7x10,7x5,6x5,6x3,7x3","13x17,12x17,12x4,7x4,7x3","13x17,13x12,12x12,12x4,7x4,7x3","13x17,15x17,15x15,17x15,17x4,15x4,15x2,11x2,11x4,7x4,7x3","13x17,12x17,12x6,11x6,11x4,7x4,7x3"
"13x17,12x17,12x18,11x18,11x19,10x19,10x18,9x18,9x20,6x20,6x19,5x19,5x11,4x11,4x8,2x8,2x7,3x7,3x5,6x5,6x4,7x4,7x3","13x17,12x17,12x15,8x15,8x11,6x11,6x4,7x4,7x3","13x17,12x17,12x15,9x15,9x14,10x14,10x13,8x13,8x11,7x11,7x8,6x8,6x7,7x7,7x3","13x17,12x17,12x18,11x18,11x19,10x19,10x16,8x16,8x17,5x17,5x7,7x7,7x3","13x17,12x17,12x15,7x15,7x17,5x17,5x10,3x10,3x8,2x8,2x7,3x7,3x5,6x5,6x4,7x4,7x3","13x17,12x17,12x18,11x18,11x19,10x19,10x16,8x16,8x17,5x17,5x7,7x7,7x3","13x17,13x18,11x18,11x19,10x19,10x16,9x16,9x17,5x17,5x7,6x7,6x4,7x4,7x3","13x17,13x18,11x18,11x20,10x20,10x16,9x16,9x17,5x17,5x7,7x7,7x3","13x17,12x17,12x15,8x15,8x11,6x11,6x7,7x7,7x3","13x17,12x17,12x18,11x18,11x19,10x19,10x16,8x16,8x17,5x17,5x7,7x7,7x3","13x17,15x17,15x15,17x15,17x17,16x17,16x18,11x18,11x20,10x20,10x16,9x16,9x17,5x17,5x12,6x12,6x4,7x4,7x3","13x17,12x17,12x15,8x15,8x11,7x11,7x8,6x8,6x4,7x4,7x3","13x17,13x18,11x18,11x19,10x19,10x16,8x16,8x17,5x17,5x7,6x7,6x4,7x4,7x3","13x17,12x17,12x15,8x15,8x11,7x11,7x8,6x8,6x7,7x7,7x3","13x17,12x17,12x18,11x18,11x20,10x20,10x16,9x16,9x17,5x17,5x7,7x7,7x3","13x17,13x18,11x18,11x19,10x19,10x16,9x16,9x17,7x17,7x15,8x15,8x12,7x12,7x13,6x13,6x14,5x14,5x7,6x7,6x4,7x4,7x3","13x17,12x17,12x18,11x18,11x19,10x19,10x16,9x16,9x17,7x17,7x15,8x15,8x11,7x11,7x8,6x8,6x7,7x7,7x3","13x17,12x17,12x15,9x15,9x14,8x14,8x12,7x12,7x10,6x10,6x4,7x4,7x3","13x17,13x18,11x18,11x19,10x19,10x16,9x16,9x17,5x17,5x12,6x12,6x11,7x11,7x8,6x8,6x6,7x6,7x3","13x17,12x17,12x15,9x15,9x14,8x14,8x11,6x11,6x7,7x7,7x3","13x17,13x18,11x18,11x19,10x19,10x16,9x16,9x17,5x17,5x8,6x8,6x4,7x4,7x3","13x17,13x18,11x18,11x19,10x19,10x16,8x16,8x17,5x17,5x7,7x7,7x3","13x17,12x17,12x15,9x15,9x14,8x14,8x11,7x11,7x8,6x8,6x7,7x7,7x3","13x17,13x18,11x18,11x19,10x19,10x18,9x18,9x20,7x20,7x19,5x19,5x10,1x10,1x8,2x8,2x7,3x7,3x5,6x5,6x4,7x4,7x3","13x17,13x18,11x18,11x19,10x19,10x16,9x16,9x17,5x17,5x14,6x14,6x12,5x12,5x8,6x8,6x7,7x7,7x3","13x17,12x17,12x15,9x15,9x14,8x14,8x11,7x11,7x8,6x8,6x7,7x7,7x3","13x17,12x17,12x15,7x15,7x17,5x17,5x7,7x7,7x3","13x17,12x17,12x15,8x15,8x11,7x11,7x8,6x8,6x7,7x7,7x3","13x17,12x17,12x18,11x18,11x19,10x19,10x18,9x18,9x20,6x20,6x19,5x19,5x7,6x7,6x4,7x4,7x3","13x17,13x18,11x18,11x20,10x20,10x18,9x18,9x20,7x20,7x19,5x19,5x7,7x7,7x3","13x17,12x17,12x15,8x15,8x11,6x11,6x4,7x4,7x3","13x17,13x18,11x18,11x19,10x19,10x18,9x18,9x20,4x20,4x19,2x19,2x18,1x18,1x16,0x16,0x15,1x15,1x13,0x13,0x10,1x10,1x8,2x8,2x7,3x7,3x5,4x5,4x4,7x4,7x3","13x17,12x17,12x15,7x15,7x17,5x17,5x14,6x14,6x4,7x4,7x3"
"13x17,13x18,11x18,11x19,10x19,10x16,8x16,8x17,5x17,5x7,6x7,6x4,7x4,7x3","13x17,12x17,12x18,11x18,11x19,10x19,10x16,8x16,8x17,5x17,5x14,6x14,6x7,7x7,7x3","13x17,12x17,12x15,8x15,8x12,7x12,7x8,6x8,6x7,7x7,7x3","13x17,13x18,11x18,11x20,10x20,10x16,8x16,8x17,5x17,5x7,7x7,7x3","13x17,12x17,12x18,11x18,11x15,7x15,7x17,5x17,5x7,7x7,7x3","13x17,13x18,11x18,11x19,10x19,10x16,8x16,8x17,5x17,5x7,7x7,7x3","13x17,12x17,12x18,11x18,11x19,10x19,10x16,8x16,8x17,5x17,5x12,6x12,6x4,7x4,7x3","13x17,13x18,11x18,11x19,10x19,10x16,9x16,9x17,5x17,5x8,2x8,2x7,3x7,3x5,4x5,4x4,7x4,7x3","13x17,12x17,12x15,7x15,7x17,5x17,5x7,6x7,6x4,7x4,7x3","13x17,12x17,12x18,11x18,11x19,10x19,10x16,8x16,8x17,5x17,5x7,6x7,6x4,7x4,7x3","13x17,12x17,12x15,8x15,8x11,7x11,7x8,5x8,5x7,6x7,6x4,7x4,7x3","13x17,12x17,12x18,11x18,11x15,8x15,8x11,7x11,7x8,6x8,6x4,7x4,7x3","13x17,12x17,12x18,11x18,11x19,10x19,10x16,8x16,8x17,5x17,5x14,6x14,6x13,7x13,7x8,5x8,5x7,7x7,7x3","13x17,12x17,12x18,11x18,11x15,7x15,7x17,5x17,5x11,4x11,4x8,5x8,5x7,7x7,7x3","13x17,12x17,12x18,11x18,11x15,7x15,7x17,5x17,5x16,4x16,4x15,5x15,5x14,6x14,6x8,5x8,5x7,6x7,6x4,7x4,7x3","13x17,12x17,12x18,11x18,11x19,10x19,10x16,8x16,8x17,7x17,7x15,9x15,9x14,12x14,12x13,10x13,10x12,13x12,13x11,12x11,12x10,13x10,13x9,11x9,11x8,9x8,9x9,8x9,8x10,7x10,7x8,6x8,6x4,7x4,7x3","13x17,12x17,12x15,8x15,8x11,7x11,7x8,6x8,6x7,7x7,7x3","13x17,13x18,11x18,11x15,8x15,8x12,7x12,7x11,6x11,6x6,7x6,7x3","13x17,12x17,12x18,11x18,11x19,10x19,10x18,9x18,9x20,7x20,7x19,6x19,6x18,5x18,5x14,6x14,6x13,7x13,7x10,6x10,6x6,7x6,7x3","13x17,12x17,12x15,9x15,9x14,8x14,8x11,7x11,7x8,6x8,6x7,7x7,7x3","13x17,12x17,12x15,7x15,7x17,5x17,5x14,6x14,6x13,7x13,7x8,6x8,6x7,7x7,7x3","13x17,12x17,12x18,11x18,11x19,10x19,10x18,9x18,9x20,6x20,6x18,5x18,5x12,6x12,6x4,7x4,7x3","13x17,12x17,12x15,9x15,9x14,8x14,8x12,7x12,7x11,6x11,6x9,5x9,5x7,6x7,6x4,7x4,7x3","13x17,13x18,11x18,11x19,10x19,10x16,9x16,9x17,5x17,5x10,3x10,3x8,2x8,2x7,3x7,3x5,4x5,4x4,7x4,7x3","13x17,12x17,12x15,9x15,9x14,12x14,12x13,11x13,11x12,14x12,14x9,11x9,11x8,9x8,9x9,8x9,8x10,7x10,7x8,6x8,6x7,7x7,7x3","13x17,12x17,12x15,9x15,9x14,8x14,8x11,7x11,7x8,6x8,6x7,7x7,7x3","13x17,12x17,12x15,7x15,7x17,5x17,5x7,6x7,6x4,7x4,7x3","13x17,12x17,12x15,8x15,8x11,7x11,7x8,6x8,6x7,7x7,7x3","13x17,13x18,11x18,11x19,10x19,10x16,8x16,8x17,5x17,5x7,6x7,6x4,7x4,7x3","13x17,12x17,12x15,7x15,7x17,5x17,5x14,6x14,6x4,7x4,7x3","13x17,12x17,12x15,8x15,8x11,7x11,7x8,6x8,6x6,7x6,7x3","13x17,12x17,12x18,11x18,11x19,10x19,10x18,9x18,9x20,6x20,6x19,2x19,2x18,1x18,1x16,0x16,0x15,1x15,1x13,0x13,0x10,1x10,1x8,2x8,2x7,3x7,3x5,4x5,4x4,7x4,7x3","13x17,12x17,12x15,7x15,7x17,5x17,5x14,6x14,6x7,7x7,7x3"
"13x17,12x17,12x15,9x15,9x14,8x14,8x12,7x12,7x13,6x13,6x6,7x6,7x3","13x17,13x18,11x18,11x19,10x19,10x16,8x16,8x17,5x17,5x12,6x12,6x4,7x4,7x3","13x17,12x17,12x15,8x15,8x11,6x11,6x12,5x12,5x10,4x10,4x8,5x8,5x7,7x7,7x3","13x17,13x18,11x18,11x20,10x20,10x18,9x18,9x20,7x20,7x19,5x19,5x10,4x10,4x8,5x8,5x7,7x7,7x3","13x17,12x17,12x18,11x18,11x19,10x19,10x16,8x16,8x17,5x17,5x10,4x10,4x8,2x8,2x7,3x7,3x5,6x5,6x4,7x4,7x3","13x17,12x17,12x18,11x18,11x15,7x15,7x17,5x17,5x10,4x10,4x8,5x8,5x7,7x7,7x3","13x17,12x17,12x15,8x15,8x12,7x12,7x8,6x8,6x4,7x4,7x3","13x17,12x17,12x15,7x15,7x17,5x17,5x10,3x10,3x8,2x8,2x7,3x7,3x5,4x5,4x4,7x4,7x3","13x17,12x17,12x15,8x15,8x12,7x12,7x8,6x8,6x4,7x4,7x3","13x17,12x17,12x15,7x15,7x17,5x17,5x8,6x8,6x6,7x6,7x3","13x17,12x17,12x18,11x18,11x19,10x19,10x16,9x16,9x17,5x17,5x12,6x12,6x4,7x4,7x3","13x17,13x18,11x18,11x20,10x20,10x16,8x16,8x17,5x17,5x10,4x10,4x8,5x8,5x7,6x7,6x4,7x4,7x3","13x17,12x17,12x15,8x15,8x12,7x12,7x13,6x13,6x14,5x14,5x10,4x10,4x8,5x8,5x7,7x7,7x3","13x17,12x17,12x15,8x15,8x11,7x11,7x8,6x8,6x4,7x4,7x3","13x17,12x17,12x15,7x15,7x17,5x17,5x10,4x10,4x8,5x8,5x7,7x7,7x3","13x17,12x17,12x18,11x18,11x19,10x19,10x16,8x16,8x17,5x17,5x14,6x14,6x13,7x13,7x8,6x8,6x4,7x4,7x3","13x17,12x17,12x15,8x15,8x12,7x12,7x13,6x13,6x12,5x12,5x9,6x9,6x6,7x6,7x3","13x17,12x17,12x15,7x15,7x17,5x17,5x7,6x7,6x6,7x6,7x3","13x17,12x17,12x18,11x18,11x19,10x19,10x16,8x16,8x17,5x17,5x10,3x10,3x8,2x8,2x7,3x7,3x5,6x5,6x4,7x4,7x3","13x17,12x17,12x15,9x15,9x14,8x14,8x12,7x12,7x8,6x8,6x7,7x7,7x3","13x17,12x17,12x18,11x18,11x19,10x19,10x16,8x16,8x17,5x17,5x10,4x10,4x8,5x8,5x7,6x7,6x4,7x4,7x3","13x17,12x17,12x15,7x15,7x17,5x17,5x11,4x11,4x8,5x8,5x7,6x7,6x4,7x4,7x3","13x17,12x17,12x15,9x15,9x14,8x14,8x12,7x12,7x11,6x11,6x4,7x4,7x3","13x17,12x17,12x15,8x15,8x12,7x12,7x11,6x11,6x4,7x4,7x3","13x17,13x18,11x18,11x19,10x19,10x16,9x16,9x17,5x17,5x14,6x14,6x12,5x12,5x10,3x10,3x8,2x8,2x7,3x7,3x5,5x5,5x4,7x4,7x3","13x17,12x17,12x15,9x15,9x14,8x14,8x12,7x12,7x10,6x10,6x7,7x7,7x3","13x17,12x17,12x15,7x15,7x17,5x17,5x11,4x11,4x10,3x10,3x8,5x8,5x7,6x7,6x4,7x4,7x3","13x17,12x17,12x15,8x15,8x11,7x11,7x8,6x8,6x7,7x7,7x3","13x17,12x17,12x18,11x18,11x19,10x19,10x16,8x16,8x17,5x17,5x10,3x10,3x8,2x8,2x7,3x7,3x5,4x5,4x4,7x4,7x3","13x17,13x18,11x18,11x19,10x19,10x16,8x16,8x17,7x17,7x15,8x15,8x12,7x12,7x13,6x13,6x14,5x14,5x12,6x12,6x4,7x4,7x3","13x17,12x17,12x15,9x15,9x14,10x14,10x13,8x13,8x12,7x12,7x8,6x8,6x4,7x4,7x3","13x17,12x17,12x18,11x18,11x19,10x19,10x16,8x16,8x17,5x17,5x18,4x18,4x19,2x19,2x18,1x18,1x16,0x16,0x15,1x15,1x13,0x13,0x9,1x9,1x8,2x8,2x7,3x7,3x5,4x5,4x4,7x4,7x3","13x17,12x17,12x15,7x15,7x17,5x17,5x14,6x14,6x4,7x4,7x3"
"13x17,12x17,12x18,11x18,11x19,10x19,10x16,9x16,9x17,5x17,5x10,4x10,4x8,5x8,5x7,6x7,6x6,7x6,7x3","13x17,13x18,11x18,11x19,10x19,10x16,8x16,8x17,5x17,5x14,6x14,6x10,7x10,7x8,6x8,6x6,7x6,7x3","13x17,12x17,12x15,8x15,8x11,7x11,7x8,6x8,6x7,7x7,7x3","13x17,12x17,12x18,11x18,11x15,7x15,7x17,5x17,5x10,4x10,4x8,6x8,6x7,7x7,7x3","13x17,12x17,12x15,7x15,7x17,5x17,5x7,7x7,7x3","13x17,12x17,12x15,8x15,8x11,6x11,6x12,5x12,5x8,6x8,6x7,7x7,7x3","13x17,12x17,12x18,11x18,11x19,10x19,10x16,9x16,9x17,5x17,5x7,7x7,7x3","13x17,12x17,12x15,7x15,7x17,5x17,5x10,3x10,3x8,2x8,2x7,3x7,3x5,4x5,4x4,7x4,7x3","13x17,12x17,12x15,8x15,8x11,7x11,7x8,6x8,6x4,7x4,7x3","13x17,12x17,12x18,11x18,11x19,10x19,10x16,9x16,9x17,5x17,5x7,7x7,7x3","13x17,12x17,12x15,11x15,11x19,10x19,10x16,9x16,9x17,5x17,5x14,6x14,6x12,5x12,5x7,6x7,6x6,7x6,7x3","13x17,12x17,12x15,8x15,8x11,7x11,7x8,6x8,6x7,7x7,7x3","13x17,13x18,11x18,11x19,10x19,10x16,8x16,8x17,5x17,5x10,3x10,3x8,2x8,2x7,3x7,3x5,4x5,4x4,7x4,7x3","13x17,12x17,12x15,7x15,7x17,5x17,5x7,7x7,7x3","13x17,12x17,12x15,8x15,8x12,7x12,7x13,6x13,6x14,5x14,5x10,0x10,0x9,1x9,1x8,0x8,0x6,2x6,2x7,3x7,3x5,4x5,4x4,7x4,7x3","13x17,12x17,12x18,11x18,11x19,10x19,10x16,9x16,9x17,5x17,5x14,6x14,6x12,5x12,5x7,7x7,7x3","13x17,12x17,12x18,11x18,11x15,8x15,8x11,6x11,6x4,7x4,7x3","13x17,12x17,12x15,8x15,8x12,7x12,7x11,6x11,6x7,7x7,7x3","13x17,12x17,12x18,11x18,11x19,10x19,10x18,9x18,9x20,7x20,7x19,6x19,6x17,5x17,5x10,4x10,4x8,2x8,2x7,3x7,3x5,5x5,5x4,7x4,7x3","13x17,12x17,12x18,11x18,11x15,8x15,8x11,7x11,7x8,6x8,6x7,7x7,7x3","13x17,12x17,12x15,9x15,9x14,8x14,8x11,7x11,7x8,6x8,6x7,7x7,7x3","13x17,12x17,12x15,9x15,9x14,8x14,8x11,7x11,7x8,6x8,6x7,7x7,7x3","13x17,12x17,12x15,8x15,8x11,7x11,7x8,6x8,6x7,7x7,7x3","13x17,12x17,12x15,8x15,8x12,7x12,7x13,6x13,6x4,7x4,7x3","13x17,13x18,11x18,11x19,10x19,10x16,9x16,9x17,5x17,5x10,4x10,4x8,2x8,2x7,3x7,3x5,4x5,4x4,7x4,7x3","13x17,12x17,12x15,8x15,8x11,6x11,6x7,7x7,7x3","13x17,12x17,12x15,7x15,7x17,5x17,5x14,6x14,6x4,7x4,7x3","13x17,12x17,12x15,8x15,8x11,7x11,7x8,6x8,6x7,7x7,7x3","13x17,12x17,12x15,8x15,8x11,6x11,6x12,5x12,5x7,6x7,6x4,7x4,7x3","13x17,12x17,12x18,11x18,11x19,10x19,10x16,8x16,8x17,5x17,5x7,7x7,7x3","13x17,12x17,12x15,8x15,8x11,7x11,7x8,6x8,6x7,7x7,7x3","13x17,12x17,12x15,9x15,9x14,10x14,10x12,13x12,13x11,12x11,12x10,13x10,13x9,11x9,11x5,10x5,10x8,9x8,9x9,8x9,8x10,6x10,6x7,7x7,7x3","13x17,12x17,12x15,7x15,7x17,5x17,5x7,7x7,7x3"
"13x17,12x17,12x15,8x15,8x12,7x12,7x11,6x11,6x4,7x4,7x3","13x17,13x18,11x18,11x19,10x19,10x16,9x16,9x17,5x17,5x14,6x14,6x4,7x4,7x3","13x17,12x17,12x15,8x15,8x12,7x12,7x11,6x11,6x12,5x12,5x7,7x7,7x3","13x17,12x17,12x15,8x15,8x11,7x11,7x8,6x8,6x7,7x7,7x3","13x17,12x17,12x18,11x18,11x19,10x19,10x16,8x16,8x17,5x17,5x11,4x11,4x8,2x8,2x7,3x7,3x5,6x5,6x4,7x4,7x3","13x17,12x17,12x18,11x18,11x19,10x19,10x16,8x16,8x17,5x17,5x7,6x7,6x4,7x4,7x3","13x17,12x17,12x15,8x15,8x12,7x12,7x11,6x11,6x12,5x12,5x7,7x7,7x3","13x17,12x17,12x18,11x18,11x19,10x19,10x16,8x16,8x17,5x17,5x11,4x11,4x10,3x10,3x8,2x8,2x7,3x7,3x5,4x5,4x4,7x4,7x3","13x17,12x17,12x15,7x15,7x17,5x17,5x7,7x7,7x3","13x17,13x18,11x18,11x19,10x19,10x16,9x16,9x17,5x17,5x7,7x7,7x3","13x17,12x17,12x18,11x18,11x15,8x15,8x11,7x11,7x8,6x8,6x4,7x4,7x3","13x17,12x17,12x15,7x15,7x17,5x17,5x7,7x7,7x3","13x17,12x17,12x18,11x18,11x15,7x15,7x17,5x17,5x18,4x18,4x19,2x19,2x18,1x18,1x16,0x16,0x15,1x15,1x13,0x13,0x11,1x11,1x8,2x8,2x7,3x7,3x5,4x5,4x4,7x4,7x3","13x17,12x17,12x15,8x15,8x11,7x11,7x8,6x8,6x7,7x7,7x3","13x17,12x17,12x15,9x15,9x14,12x14,12x13,11x13,11x12,13x12,13x11,12x11,12x10,13x10,13x9,14x9,14x5,10x5,10x8,9x8,9x9,8x9,8x10,7x10,7x8,6x8,6x7,7x7,7x3","13x17,12x17,12x18,11x18,11x19,10x19,10x16,8x16,8x17,5x17,5x14,6x14,6x4,7x4,7x3","13x17,12x17,12x15,8x15,8x13,11x13,11x12,13x12,13x11,12x11,12x10,13x10,13x9,14x9,14x5,10x5,10x7,11x7,11x8,9x8,9x9,8x9,8x10,6x10,6x4,7x4,7x3","13x17,12x17,12x15,8x15,8x12,7x12,7x11,6x11,6x4,7x4,7x3","13x17,12x17,12x18,11x18,11x19,10x19,10x18,9x18,9x20,7x20,7x19,6x19,6x18,5x18,5x11,4x11,4x8,2x8,2x7,3x7,3x5,5x5,5x4,7x4,7x3","13x17,12x17,12x15,9x15,9x14,8x14,8x12,7x12,7x8,6x8,6x6,7x6,7x3","13x17,12x17,12x18,11x18,11x19,10x19,10x16,8x16,8x17,5x17,5x18,4x18,4x19,2x19,2x18,1x18,1x16,0x16,0x15,1x15,1x13,0x13,0x11,1x11,1x8,2x8,2x7,3x7,3x5,4x5,4x4,7x4,7x3","13x17,12x17,12x15,7x15,7x17,5x17,5x11,4x11,4x8,5x8,5x7,7x7,7x3","13x17,12x17,12x15,8x15,8x12,7x12,7x11,6x11,6x12,5x12,5x11,4x11,4x8,5x8,5x7,6x7,6x4,7x4,7x3","13x17,12x17,12x18,11x18,11x19,10x19,10x16,9x16,9x17,5x17,5x11,4x11,4x8,2x8,2x7,3x7,3x5,4x5,4x4,7x4,7x3","13x17,13x18,11x18,11x19,10x19,10x16,9x16,9x17,5x17,5x8,6x8,6x4,7x4,7x3","13x17,12x17,12x15,9x15,9x14,8x14,8x12,7x12,7x11,6x11,6x4,7x4,7x3","13x17,12x17,12x18,11x18,11x19,10x19,10x16,8x16,8x17,5x17,5x11,4x11,4x8,2x8,2x7,3x7,3x5,4x5,4x4,7x4,7x3","13x17,12x17,12x15,8x15,8x11,7x11,7x8,6x8,6x7,7x7,7x3","13x17,12x17,12x15,7x15,7x17,5x17,5x7,6x7,6x4,7x4,7x3","13x17,12x17,12x18,11x18,11x19,10x19,10x16,9x16,9x17,5x17,5x11,4x11,4x8,2x8,2x7,3x7,3x5,4x5,4x4,7x4,7x3","13x17,12x17,12x15,8x15,8x12,7x12,7x11,6x11,6x4,7x4,7x3","13x17,12x17,12x18,11x18,11x19,10x19,10x18,9x18,9x20,4x20,4x19,2x19,2x18,1x18,1x16,0x16,0x15,1x15,1x13,0x13,0x9,1x9,1x8,2x8,2x7,3x7,3x5,4x5,4x4,7x4,7x3","13x17,12x17,12x15,7x15,7x17,5x17,5x14,6x14,6x7,7x7,7x3"
"13x17,12x17,12x18,11x18,11x19,10x19,10x16,8x16,8x17,5x17,5x7,7x7,7x3","13x17,13x18,11x18,11x19,10x19,10x16,8x16,8x17,5x17,5x7,7x7,7x3","13x17,12x17,12x15,8x15,8x11,6x11,6x7,7x7,7x3","13x17,12x17,12x15,8x15,8x11,7x11,7x8,6x8,6x7,7x7,7x3","13x17,12x17,12x15,7x15,7x17,5x17,5x7,7x7,7x3","13x17,12x17,12x15,8x15,8x12,7x12,7x13,6x13,6x14,5x14,5x7,7x7,7x3","13x17,12x17,12x15,8x15,8x12,7x12,7x13,6x13,6x12,5x12,5x7,7x7,7x3","13x17,12x17,12x15,7x15,7x17,5x17,5x8,2x8,2x7,3x7,3x5,5x5,5x4,7x4,7x3","13x17,12x17,12x15,8x15,8x11,6x11,6x8,5x8,5x7,7x7,7x3","13x17,12x17,12x18,11x18,11x19,10x19,10x16,8x16,8x17,5x17,5x7,7x7,7x3","13x17,13x18,11x18,11x19,10x19,10x16,8x16,8x17,5x17,5x7,7x7,7x3","13x17,12x17,12x15,8x15,8x12,7x12,7x8,6x8,6x6,7x6,7x3","13x17,13x18,11x18,11x19,10x19,10x18,9x18,9x20,6x20,6x19,2x19,2x20,1x20,1x19,0x19,0x15,1x15,1x13,0x13,0x10,5x10,5x9,6x9,6x4,7x4,7x3","13x17,12x17,12x15,8x15,8x12,7x12,7x13,6x13,6x14,5x14,5x7,6x7,6x6,7x6,7x3","13x17,12x17,12x15,7x15,7x17,5x17,5x14,6x14,6x13,7x13,7x8,5x8,5x7,6x7,6x6,7x6,7x3","13x17,12x17,12x18,11x18,11x19,10x19,10x16,8x16,8x17,7x17,7x15,8x15,8x12,7x12,7x13,6x13,6x14,5x14,5x9,6x9,6x6,7x6,7x3","13x17,12x17,12x15,9x15,9x14,12x14,12x13,8x13,8x11,6x11,6x4,7x4,7x3","13x17,12x17,12x15,9x15,9x14,8x14,8x12,7x12,7x13,6x13,6x7,7x7,7x3","13x17,13x18,11x18,11x19,10x19,10x16,8x16,8x17,5x17,5x8,2x8,2x7,3x7,3x5,5x5,5x4,7x4,7x3","13x17,12x17,12x15,8x15,8x11,7x11,7x8,6x8,6x7,7x7,7x3","13x17,13x18,11x18,11x19,10x19,10x16,8x16,8x17,5x17,5x7,7x7,7x3","13x17,12x17,12x15,8x15,8x12,7x12,7x8,5x8,5x7,7x7,7x3","13x17,13x18,11x18,11x15,8x15,8x12,7x12,7x8,6x8,6x6,7x6,7x3","13x17,12x17,12x18,11x18,11x19,10x19,10x16,9x16,9x17,5x17,5x7,7x7,7x3","13x17,13x18,11x18,11x19,10x19,10x16,8x16,8x17,7x17,7x15,8x15,8x11,7x11,7x8,5x8,5x7,6x7,6x6,7x6,7x3","13x17,12x17,12x15,8x15,8x11,7x11,7x8,6x8,6x7,7x7,7x3","13x17,12x17,12x15,8x15,8x12,7x12,7x8,5x8,5x7,7x7,7x3","13x17,12x17,12x15,8x15,8x11,6x11,6x7,7x7,7x3","13x17,12x17,12x15,7x15,7x17,5x17,5x7,6x7,6x6,7x6,7x3","13x17,12x17,12x15,7x15,7x17,5x17,5x7,7x7,7x3","13x17,12x17,12x15,8x15,8x11,6x11,6x7,7x7,7x3","13x17,12x17,12x18,11x18,11x19,10x19,10x18,9x18,9x20,6x20,6x17,5x17,5x7,7x7,7x3","13x17,12x17,12x15,9x15,9x14,8x14,8x11,6x11,6x7,7x7,7x3"
"4x16,4x13,10x13,10x10","4x16,10x16,10x10","4x16,4x10,10x10","4x16,10x16,10x10","4x16,4x13,3x13,3x8,10x8,10x10","4x16,4x11,5x11,5x10,10x10","4x16,4x12,10x12,10x10","4x16,4x12,5x12,5x11,10x11,10x10","4x16,10x16,10x10","4x16,4x10,10x10","4x16,3x16,3x8,11x8,11x10,10x10","4x16,4x10,10x10","4x16,4x7,12x7,12x10,10x10","4x16,4x17,11x17,11x11,10x11,10x10","4x16,4x10,10x10","4x16,11x16,11x10,10x10","4x16,4x10,10x10","4x16,9x16,9x15,10x15,10x10","4x16,11x16,11x10,10x10","4x16,4x12,5x12,5x10,10x10","4x16,4x11,10x11,10x10","4x16,6x16,6x12,7x12,7x11,10x11,10x10","4x16,4x11,10x11,10x10","4x16,2x16,2x10,10x10","4x16,3x16,3x11,10x11,10x10","4x16,10x16,10x10","4x16,4x13,10x13,10x10","4x16,10x16,10x10","4x16,4x10,10x10","4x16,11x16,11x10,10x10","4x16,10x16,10x10","4x16,1x16,1x10,5x10,5x7,9x7,9x8,10x8,10x10","4x16,4x12,10x12,10x10"
"4x16,7x16,7x13,9x13,9x12,10x12,10x10","4x16,10x16,10x10","4x16,10x16,10x10","4x16,11x16,11x10,10x10","4x16,4x8,6x8,6x9,10x9,10x10","4x16,4x10,10x10","4x16,4x10,10x10","4x16,4x10,10x10","4x16,4x10,10x10","4x16,4x10,10x10","4x16,4x9,5x9,5x10,10x10","4x16,4x9,8x9,8x10,10x10","4x16,4x7,10x7,10x10","4x16,11x16,11x10,10x10","4x16,0x16,0x10,10x10","4x16,4x10,10x10","4x16,4x10,10x10","4x16,10x16,10x10","4x16,11x16,11x10,10x10","4x16,4x10,10x10","4x16,4x11,5x11,5x10,10x10","4x16,5x16,5x14,6x14,6x10,10x10","4x16,8x16,8x12,10x12,10x10","4x16,3x16,3x9,11x9,11x10,10x10","4x16,4x10,10x10","4x16,10x16,10x10","4x16,4x10,10x10","4x16,10x16,10x10","4x16,4x10,10x10","4x16,10x16,10x10","4x16,10x16,10x10","4x16,4x4,12x4,12x6,13x6,13x7,11x7,11x10,10x10","4x16,4x10,10x10"
"4x16,4x15,9x15,9x13,11x13,11x10,10x10","4x16,10x16,10x10","4x16,4x10,10x10","4x16,4x11,10x11,10x10","4x16,4x10,10x10","4x16,3x16,3x9,10x9,10x10","4x16,4x11,5x11,5x10,6x10,6x9,10x9,10x10","4x16,4x10,10x10","4x16,4x10,10x10","4x16,10x16,10x10","4x16,3x16,3x9,10x9,10x10","4x16,4x13,11x13,11x10,10x10","4x16,4x11,10x11,10x10","4x16,4x17,10x17,10x10","4x16,4x8,10x8,10x10","4x16,4x10,10x10","4x16,4x10,10x10","4x16,10x16,10x10","4x16,4x10,10x10","4x16,4x11,10x11,10x10","4x16,4x9,10x9,10x10","4x16,4x11,10x11,10x10","4x16,4x15,9x15,9x11,10x11,10x10","4x16,3x16,3x10,10x10","4x16,4x10,10x10","4x16,10x16,10x10","4x16,4x11,10x11,10x10","4x16,10x16,10x10","4x16,4x10,10x10","4x16,10x16,10x10","4x16,4x10,10x10","4x16,3x16,3x8,6x8,6x9,10x9,10x10","4x16,10x16,10x10"
"4x16,4x14,7x14,7x12,10x12,10x10","4x16,4x10,10x10","4x16,10x16,10x10","4x16,10x16,10x10","4x16,7x16,7x10,10x10","4x16,4x10,10x10","4x16,4x10,10x10","4x16,4x10,10x10","4x16,4x10,10x10","4x16,5x16,5x14,6x14,6x13,7x13,7x12,8x12,8x11,10x11,10x10","4x16,4x15,9x15,9x11,10x11,10x10","4x16,4x8,9x8,9x10,10x10","4x16,10x16,10x10","4x16,4x17,11x17,11x10,10x10","4x16,0x16,0x10,10x10","4x16,4x10,10x10","4x16,4x10,10x10","4x16,5x16,5x15,6x15,6x14,7x14,7x13,8x13,8x12,9x12,9x11,10x11,10x10","4x16,4x10,10x10","4x16,4x10,10x10","4x16,4x10,10x10","4x16,4x15,5x15,5x14,6x14,6x12,8x12,8x10,10x10","4x16,5x16,5x14,9x14,9x11,10x11,10x10","4x16,3x16,3x9,10x9,10x10","4x16,4x10,10x10","4x16,5x16,5x15,8x15,8x14,9x14,9x11,10x11,10x10","4x16,10x16,10x10","4x16,10x16,10x10","4x16,4x10,10x10","4x16,4x10,10x10","4x16,10x16,10x10","4x16,10x16,10x10","4x16,10x16,10x10"
"4x16,4x9,8x9,8x10,10x10","4x16,4x10,10x10","4x16,4x10,10x10","4x16,4x10,10x10","4x16,4x9,9x9,9x10,10x10","4x16,4x9,10x9,10x10","4x16,4x10,10x10","4x16,4x10,10x10","4x16,4x10,10x10","4x16,10x16,10x10","4x16,4x14,6x14,6x13,7x13,7x12,8x12,8x11,10x11,10x10","4x16,4x11,10x11,10x10","4x16,4x10,10x10","4x16,4x9,10x9,10x10","4x16,4x10,10x10","4x16,4x10,10x10","4x16,4x10,10x10","4x16,4x15,5x15,5x14,7x14,7x13,8x13,8x12,9x12,9x11,10x11,10x10","4x16,4x10,10x10","4x16,4x10,10x10","4x16,4x9,10x9,10x10","4x16,4x15,8x15,8x13,10x13,10x10","4x16,4x10,10x10","4x16,4x10,10x10","4x16,4x11,10x11,10x10","4x16,8x16,8x15,9x15,9x14,10x14,10x10","4x16,4x10,10x10","4x16,4x10,10x10","4x16,4x10,10x10","4x16,4x10,10x10","4x16,10x16,10x10","4x16,4x9,10x9,10x10","4x16,4x10,10x10"
"4x16,4x15,6x15,6x13,7x13,7x12,9x12,9x11,10x11,10x10","4x16,4x10,10x10","4x16,4x10,10x10","4x16,10x16,10x10","4x16,11x16,11x11,10x11,10x10","4x16,4x10,10x10","4x16,4x10,10x10","4x16,4x10,10x10","4x16,4x10,10x10","4x16,5x16,5x15,6x15,6x14,7x14,7x13,8x13,8x12,9x12,9x11,10x11,10x10","4x16,5x16,5x13,6x13,6x10,7x10,7x9,9x9,9x10,10x10","4x16,4x10,10x10","4x16,4x10,10x10","4x16,9x16,9x10,10x10","4x16,0x16,0x10,1x10,1x8,10x8,10x10","4x16,4x10,10x10","4x16,4x10,10x10","4x16,7x16,7x14,9x14,9x12,10x12,10x10","4x16,4x10,10x10","4x16,4x11,10x11,10x10","4x16,4x10,10x10","4x16,4x15,6x15,6x12,9x12,9x10,10x10","4x16,4x15,5x15,5x11,10x11,10x10","4x16,7x16,7x9,10x9,10x10","4x16,4x10,10x10","4x16,5x16,5x15,6x15,6x14,8x14,8x13,9x13,9x11,10x11,10x10","4x16,4x10,10x10","4x16,4x10,10x10","4x16,4x10,10x10","4x16,10x16,10x10","4x16,10x16,10x10","4x16,1x16,1x14,0x14,0x10,10x10","4x16,10x16,10x10"
"4x16,4x12,8x12,8x11,9x11,9x10,10x10","4x16,4x12,10x12,10x10","4x16,4x10,10x10","4x16,4x15,5x15,5x13,10x13,10x10","4x16,4x10,10x10","4x16,4x10,6x10,6x12,10x12,10x10","4x16,4x11,5x11,5x10,10x10","4x16,4x9,9x9,9x10,10x10","4x16,4x12,10x12,10x10","4x16,6x16,6x11,9x11,9x10,10x10","4x16,4x12,11x12,11x10,10x10","4x16,4x12,10x12,10x10","4x16,4x12,10x12,10x10","4x16,4x12,5x12,5x10,10x10","4x16,4x9,5x9,5x7,9x7,9x10,10x10","4x16,4x12,8x12,8x11,9x11,9x10,10x10","4x16,4x10,10x10","4x16,4x12,9x12,9x10,10x10","4x16,4x12,10x12,10x10","4x16,6x16,6x13,8x13,8x11,9x11,9x10,10x10","4x16,4x17,7x17,7x16,10x16,10x10","4x16,6x16,6x11,9x11,9x10,10x10","4x16,4x10,6x10,6x11,9x11,9x10,10x10","4x16,4x17,7x17,7x16,10x16,10x10","4x16,4x10,7x10,7x11,9x11,9x10,10x10","4x16,5x16,5x13,8x13,8x11,9x11,9x10,10x10","4x16,4x12,8x12,8x11,9x11,9x10,10x10","4x16,4x10,10x10","4x16,4x10,10x10","4x16,4x17,7x17,7x16,10x16,10x10","4x16,4x10,10x10","4x16,4x5,8x5,8x7,9x7,9x10,10x10","4x16,4x12,10x12,10x10"
"4x16,4x12,5x12,5x10,10x10","4x16,4x13,10x13,10x10","4x16,4x12,10x12,10x10","4x16,4x13,7x13,7x10,10x10","4x16,4x10,10x10","4x16,4x12,5x12,5x10,10x10","4x16,4x10,10x10","4x16,4x12,5x12,5x10,10x10","4x16,4x12,5x12,5x10,10x10","4x16,4x13,9x13,9x10,10x10","4x16,4x12,6x12,6x10,10x10","4x16,4x10,10x10","4x16,4x10,10x10","4x16,4x14,6x14,6x10,10x10","4x16,4x17,3x17,3x16,1x16,1x14,2x14,2x13,1x13,1x10,10x10","4x16,4x12,5x12,5x10,10x10","4x16,4x9,9x9,9x10,10x10","4x16,4x13,10x13,10x10","4x16,4x12,5x12,5x10,10x10","4x16,4x12,7x12,7x10,10x10","4x16,4x13,6x13,6x10,10x10","4x16,4x13,6x13,6x10,10x10","4x16,4x12,7x12,7x10,10x10","4x16,4x17,7x17,7x16,12x16,12x10,10x10","4x16,4x12,5x12,5x10,10x10","4x16,4x13,10x13,10x10","4x16,4x12,5x12,5x10,10x10","4x16,4x10,10x10","4x16,4x10,10x10","4x16,4x17,7x17,7x16,10x16,10x10","4x16,4x10,10x10","4x16,4x17,7x17,7x16,9x16,9x13,10x13,10x10","4x16,6x16,6x12,10x12,10x10"
"4x16,4x12,6x12,6x11,9x11,9x10,10x10","4x16,4x12,10x12,10x10","4x16,4x10,10x10","4x16,4x12,5x12,5x10,10x10","4x16,4x12,3x12,3x9,9x9,9x10,10x10","4x16,4x12,10x12,10x10","4x16,4x12,5x12,5x10,10x10","4x16,6x16,6x10,10x10","4x16,4x10,10x10","4x16,4x12,9x12,9x10,10x10","4x16,4x9,12x9,12x10,10x10","4x16,4x12,5x12,5x10,10x10","4x16,4x12,7x12,7x10,10x10","4x16,6x16,6x15,7x15,7x14,8x14,8x13,10x13,10x10","4x16,5x16,5x17,7x17,7x16,10x16,10x10","4x16,4x10,10x10","4x16,4x10,10x10","4x16,4x12,9x12,9x10,10x10","4x16,5x16,5x17,7x17,7x16,10x16,10x10","4x16,4x12,10x12,10x10","4x16,4x9,9x9,9x10,10x10","4x16,6x16,6x11,9x11,9x10,10x10","4x16,4x9,12x9,12x10,10x10","4x16,4x9,9x9,9x10,10x10","4x16,4x10,7x10,7x11,9x11,9x10,10x10","4x16,6x16,6x15,7x15,7x14,8x14,8x12,9x12,9x10,10x10","4x16,4x12,6x12,6x10,10x10","4x16,4x10,10x10","4x16,4x10,10x10","4x16,4x17,7x17,7x16,10x16,10x10","4x16,4x14,6x14,6x11,9x11,9x10,10x10","4x16,4x14,6x14,6x11,9x11,9x10,10x10","4x16,6x16,6x12,9x12,9x10,10x10"
"4x16,4x13,7x13,7x10,10x10","4x16,4x13,7x13,7x10,10x10","4x16,4x13,7x13,7x10,10x10","4x16,4x13,10x13,10x10","4x16,4x9,9x9,9x10,10x10","4x16,4x13,7x13,7x10,10x10","4x16,4x13,7x13,7x10,10x10","4x16,4x13,7x13,7x10,10x10","4x16,4x13,7x13,7x10,10x10","4x16,6x16,6x13,9x13,9x10,10x10","4x16,4x15,5x15,5x14,4x14,4x13,7x13,7x10,10x10","4x16,4x13,7x13,7x10,10x10","4x16,4x13,7x13,7x10,10x10","4x16,4x15,6x15,6x10,10x10","4x16,4x15,2x15,2x13,1x13,1x11,0x11,0x10,3x10,3x9,7x9,7x10,10x10","4x16,4x13,7x13,7x10,10x10","4x16,4x10,10x10","4x16,4x13,7x13,7x10,10x10","4x16,4x13,7x13,7x10,10x10","4x16,4x13,7x13,7x10,10x10","4x16,4x12,5x12,5x10,10x10","4x16,5x16,5x13,7x13,7x10,10x10","4x16,4x13,7x13,7x10,10x10","4x16,4x13,7x13,7x10,10x10","4x16,4x13,7x13,7x10,10x10","4x16,4x13,7x13,7x10,10x10","4x16,4x13,7x13,7x10,10x10","4x16,4x10,10x10","4x16,4x10,10x10","4x16,4x13,9x13,9x10,10x10","4x16,4x13,7x13,7x10,10x10","4x16,4x13,7x13,7x10,10x10","4x16,4x14,6x14,6x13,10x13,10x10"
"4x16,5x16,5x14,6x14,6x9,9x9,9x10,10x10","4x16,4x10,10x10","4x16,4x10,10x10","4x16,4x13,9x13,9x10,10x10","4x16,4x17,7x17,7x16,11x16,11x10,10x10","4x16,6x16,6x9,9x9,9x10,10x10","4x16,6x16,6x15,7x15,7x14,8x14,8x15,11x15,11x10,10x10","4x16,6x16,6x10,10x10","4x16,4x12,10x12,10x10","4x16,4x10,10x10","4x16,5x16,5x13,6x13,6x10,10x10","4x16,4x9,9x9,9x10,10x10","4x16,4x9,12x9,12x10,10x10","4x16,6x16,6x15,7x15,7x14,8x14,8x15,10x15,10x10","4x16,5x16,5x17,7x17,7x16,10x16,10x10","4x16,4x10,9x10,9x12,10x12,10x10","4x16,4x10,10x10","4x16,4x15,5x15,5x14,6x14,6x13,7x13,7x12,8x12,8x11,9x11,9x10,10x10","4x16,4x13,7x13,7x11,9x11,9x10,10x10","4x16,5x16,5x14,6x14,6x10,10x10","4x16,5x16,5x14,6x14,6x10,10x10","4x16,5x16,5x13,6x13,6x10,10x10","4x16,5x16,5x13,6x13,6x9,12x9,12x10,10x10","4x16,4x9,12x9,12x10,10x10","4x16,4x12,5x12,5x10,6x10,6x11,9x11,9x10,10x10","4x16,6x16,6x13,7x13,7x11,9x11,9x10,10x10","4x16,4x12,6x12,6x10,10x10","4x16,4x10,10x10","4x16,4x10,10x10","4x16,6x16,6x13,10x13,10x10","4x16,4x10,10x10","4x16,6x16,6x9,12x9,12x10,10x10","4x16,6x16,6x13,10x13,10x10"
"4x16,6x16,6x11,7x11,7x10,10x10","4x16,4x15,6x15,6x13,7x13,7x10,10x10","4x16,4x13,7x13,7x10,10x10","4x16,4x13,7x13,7x12,8x12,8x11,9x11,9x10,10x10","4x16,4x10,10x10","4x16,6x16,6x11,7x11,7x10,10x10","4x16,4x15,6x15,6x13,7x13,7x12,8x12,8x11,9x11,9x10,10x10","4x16,6x16,6x13,7x13,7x12,8x12,8x11,9x11,9x10,10x10","4x16,6x16,6x11,9x11,9x10,10x10","4x16,6x16,6x13,8x13,8x11,9x11,9x10,10x10","4x16,4x15,6x15,6x10,7x10,7x11,9x11,9x10,10x10","4x16,6x16,6x13,7x13,7x10,10x10","4x16,4x15,6x15,6x14,8x14,8x11,9x11,9x10,10x10","4x16,6x16,6x13,8x13,8x11,9x11,9x10,10x10","4x16,6x16,6x13,7x13,7x12,8x12,8x11,7x11,7x10,10x10","4x16,4x15,6x15,6x14,8x14,8x11,9x11,9x10,10x10","4x16,4x10,10x10","4x16,6x16,6x13,8x13,8x11,9x11,9x10,10x10","4x16,4x15,6x15,6x13,7x13,7x12,8x12,8x11,9x11,9x10,10x10","4x16,4x15,6x15,6x13,8x13,8x11,9x11,9x10,10x10","4x16,4x15,6x15,6x11,7x11,7x10,10x10","4x16,6x16,6x11,7x11,7x10,10x10","4x16,6x16,6x11,9x11,9x10,10x10","4x16,4x15,3x15,3x10,10x10","4x16,4x14,5x14,5x13,6x13,6x11,7x11,7x10,10x10","4x16,4x15,6x15,6x13,8x13,8x11,9x11,9x10,10x10","4x16,4x13,8x13,8x11,9x11,9x10,10x10","4x16,4x10,10x10","4x16,4x10,10x10","4x16,6x16,6x10,10x10","4x16,5x16,5x13,6x13,6x10,10x10","4x16,4x15,6x15,6x11,7x11,7x10,10x10","4x16,4x14,6x14,6x13,10x13,10x10"
"4x16,5x16,5x12,6x12,6x10,10x10","4x16,5x16,5x14,6x14,6x13,7x13,7x10,10x10","4x16,5x16,5x14,6x14,6x13,7x13,7x10,10x10","4x16,5x16,5x7,6x7,6x8,7x8,7x10,10x10","4x16,5x16,5x7,6x7,6x8,7x8,7x10,10x10","4x16,5x16,5x9,6x9,6x10,10x10","4x16,5x16,5x14,6x14,6x13,7x13,7x10,10x10","4x16,5x16,5x14,6x14,6x11,7x11,7x10,10x10","4x16,5x16,5x12,6x12,6x10,10x10","4x16,5x16,5x14,6x14,6x13,7x13,7x10,10x10","4x16,4x15,5x15,5x9,6x9,6x8,7x8,7x10,10x10","4x16,5x16,5x9,6x9,6x10,10x10","4x16,5x16,5x10,4x10,4x8,7x8,7x10,10x10","4x16,5x16,5x12,6x12,6x13,7x13,7x10,10x10","4x16,5x16,5x9,6x9,6x10,10x10","4x16,5x16,5x14,6x14,6x13,7x13,7x10,10x10","4x16,5x16,5x12,6x12,6x10,10x10","4x16,5x16,5x14,6x14,6x13,7x13,7x10,10x10","4x16,5x16,5x12,6x12,6x11,7x11,7x10,10x10","4x16,5x16,5x14,6x14,6x13,7x13,7x10,10x10","4x16,5x16,5x9,6x9,6x10,10x10","4x16,5x16,5x12,6x12,6x11,7x11,7x10,10x10","4x16,5x16,5x12,6x12,6x11,7x11,7x10,10x10","4x16,5x16,5x12,6x12,6x10,10x10","4x16,5x16,5x14,6x14,6x13,7x13,7x10,10x10","4x16,5x16,5x14,6x14,6x13,7x13,7x10,10x10","4x16,5x16,5x14,6x14,6x13,7x13,7x10,10x10","4x16,5x16,5x9,6x9,6x10,10x10","4x16,5x16,5x14,6x14,6x10,10x10","4x16,5x16,5x12,6x12,6x10,10x10","4x16,5x16,5x12,6x12,6x11,7x11,7x10,10x10","4x16,5x16,5x19,2x19,2x18,1x18,1x16,0x16,0x15,1x15,1x13,0x13,0x10,1x10,1x8,6x8,6x10,10x10","4x16,5x16,5x14,6x14,6x10,10x10"
"4x16,5x16,5x12,6x12,6x10,10x10","4x16,5x16,5x12,6x12,6x10,10x10","4x16,5x16,5x14,6x14,6x13,7x13,7x10,10x10","4x16,5x16,5x14,6x14,6x13,7x13,7x10,10x10","4x16,5x16,5x8,7x8,7x10,10x10","4x16,5x16,5x12,6x12,6x13,7x13,7x10,10x10","4x16,5x16,5x12,6x12,6x10,10x10","4x16,5x16,5x14,6x14,6x8,7x8,7x10,10x10","4x16,5x16,5x14,6x14,6x13,7x13,7x12,8x12,8x13,10x13,10x12,13x12,13x11,12x11,12x10,13x10,13x9,11x9,11x8,9x8,9x9,8x9,8x10,10x10","4x16,5x16,5x14,6x14,6x13,7x13,7x10,10x10","4x16,3x16,3x14,4x14,4x15,5x15,5x9,6x9,6x10,10x10","4x16,5x16,5x8,7x8,7x10,10x10","4x16,5x16,5x14,6x14,6x8,7x8,7x10,10x10","4x16,5x16,5x14,6x14,6x10,10x10","4x16,5x16,5x14,6x14,6x13,7x13,7x10,10x10","4x16,5x16,5x14,6x14,6x13,7x13,7x11,6x11,6x10,10x10","4x16,5x16,5x12,6x12,6x11,7x11,7x10,10x10","4x16,5x16,5x14,6x14,6x13,7x13,7x11,6x11,6x10,10x10","4x16,5x16,5x14,6x14,6x10,10x10","4x16,5x16,5x12,6x12,6x10,10x10","4x16,5x16,5x14,6x14,6x10,10x10","4x16,5x16,5x12,6x12,6x10,10x10","4x16,5x16,5x14,6x14,6x13,7x13,7x10,10x10","4x16,4x15,5x15,5x14,6x14,6x13,7x13,7x10,10x10","4x16,5x16,5x12,6x12,6x10,10x10","4x16,5x16,5x14,6x14,6x13,7x13,7x10,10x10","4x16,5x16,5x14,6x14,6x13,7x13,7x10,10x10","4x16,5x16,5x9,6x9,6x10,10x10","4x16,5x16,5x8,7x8,7x10,10x10","4x16,5x16,5x14,6x14,6x13,7x13,7x10,10x10","4x16,5x16,5x12,6x12,6x11,7x11,7x10,10x10","4x16,5x16,5x19,2x19,2x18,1x18,1x16,0x16,0x15,1x15,1x13,0x13,0x9,1x9,1x8,5x8,5x7,6x7,6x8,7x8,7x10,10x10","4x16,5x16,5x12,6x12,6x10,10x10"
"4x16,5x16,5x12,6x12,6x10,10x10","4x16,5x16,5x12,6x12,6x11,7x11,7x10,10x10","4x16,5x16,5x14,6x14,6x13,7x13,7x10,10x10","4x16,5x16,5x14,6x14,6x13,7x13,7x10,10x10","4x16,5x16,5x12,6x12,6x11,7x11,7x10,10x10","4x16,5x16,5x12,6x12,6x13,7x13,7x10,10x10","4x16,5x16,5x10,4x10,4x8,5x8,5x7,6x7,6x8,7x8,7x10,10x10","4x16,5x16,5x14,6x14,6x13,7x13,7x10,10x10","4x16,5x16,5x14,6x14,6x13,7x13,7x10,10x10","4x16,5x16,5x12,6x12,6x11,7x11,7x10,10x10","4x16,5x16,5x12,6x12,6x10,10x10","4x16,5x16,5x12,6x12,6x10,10x10","4x16,5x16,5x10,4x10,4x8,5x8,5x7,6x7,6x8,7x8,7x10,10x10","4x16,5x16,5x14,6x14,6x13,7x13,7x10,10x10","4x16,5x16,5x17,9x17,9x16,10x16,10x19,11x19,11x15,9x15,9x14,12x14,12x13,11x13,11x12,13x12,13x11,12x11,12x10,13x10,13x9,11x9,11x8,9x8,9x9,8x9,8x10,10x10","4x16,5x16,5x14,6x14,6x13,7x13,7x12,8x12,8x13,10x13,10x12,13x12,13x11,12x11,12x10,13x10,13x9,11x9,11x8,9x8,9x9,8x9,8x10,10x10","4x16,5x16,5x12,6x12,6x10,10x10","4x16,5x16,5x14,6x14,6x13,7x13,7x10,10x10","4x16,4x15,5x15,5x14,6x14,6x13,7x13,7x10,10x10","4x16,5x16,5x12,6x12,6x11,7x11,7x10,10x10","4x16,5x16,5x14,6x14,6x13,7x13,7x10,10x10","4x16,5x16,5x14,6x14,6x13,7x13,7x10,10x10","4x16,5x16,5x14,6x14,6x13,7x13,7x10,10x10","4x16,5x16,5x14,6x14,6x13,7x13,7x10,10x10","4x16,5x16,5x14,6x14,6x13,7x13,7x10,10x10","4x16,5x16,5x14,6x14,6x13,7x13,7x10,10x10","4x16,5x16,5x11,4x11,4x10,3x10,3x8,7x8,7x10,10x10","4x16,5x16,5x9,6x9,6x10,10x10","4x16,5x16,5x10,4x10,4x8,7x8,7x10,10x10","4x16,5x16,5x14,6x14,6x13,7x13,7x10,10x10","4x16,5x16,5x14,6x14,6x13,7x13,7x10,10x10","4x16,5x16,5x19,2x19,2x18,1x18,1x16,0x16,0x15,1x15,1x13,0x13,0x10,1x10,1x8,7x8,7x10,10x10","4x16,5x16,5x14,6x14,6x13,7x13,7x10,10x10"
"4x16,5x16,5x12,6x12,6x11,7x11,7x10,10x10","4x16,5x16,5x14,6x14,6x11,7x11,7x10,10x10","4x16,5x16,5x14,6x14,6x10,10x10","4x16,5x16,5x14,6x14,6x10,10x10","4x16,5x16,5x14,6x14,6x10,10x10","4x16,5x16,5x14,6x14,6x11,7x11,7x10,10x10","4x16,5x16,5x9,6x9,6x10,10x10","4x16,5x16,5x14,6x14,6x12,5x12,5x10,4x10,4x8,7x8,7x10,10x10","4x16,5x16,5x14,6x14,6x10,10x10","4x16,5x16,5x14,6x14,6x10,10x10","4x16,5x16,5x10,4x10,4x8,7x8,7x10,10x10","4x16,5x16,5x14,6x14,6x11,7x11,7x10,10x10","4x16,4x15,5x15,5x14,6x14,6x13,7x13,7x10,10x10","4x16,5x16,5x12,6x12,6x11,7x11,7x10,10x10","4x16,5x16,5x19,2x19,2x18,1x18,1x16,0x16,0x15,1x15,1x13,0x13,0x10,4x10,4x8,7x8,7x10,10x10","4x16,5x16,5x14,6x14,6x11,7x11,7x10,10x10","4x16,4x15,5x15,5x14,6x14,6x11,7x11,7x10,10x10","4x16,5x16,5x14,6x14,6x10,10x10","4x16,5x16,5x14,6x14,6x11,7x11,7x10,10x10","4x16,5x16,5x14,6x14,6x11,7x11,7x10,10x10","4x16,5x16,5x14,6x14,6x11,7x11,7x10,10x10","4x16,5x16,5x14,6x14,6x11,7x11,7x10,10x10","4x16,5x16,5x14,6x14,6x11,7x11,7x10,10x10","4x16,4x15,5x15,5x14,6x14,6x13,7x13,7x10,10x10","4x16,5x16,5x14,6x14,6x10,10x10","4x16,5x16,5x14,6x14,6x10,10x10","4x16,5x16,5x14,6x14,6x10,10x10","4x16,5x16,5x12,6x12,6x10,10x10","4x16,5x16,5x8,7x8,7x10,10x10","4x16,5x16,5x14,6x14,6x11,7x11,7x10,10x10","4x16,5x16,5x12,6x12,6x11,7x11,7x10,10x10","4x16,5x16,5x14,6x14,6x11,7x11,7x10,10x10","4x16,5x16,5x14,6x14,6x11,7x11,7x10,10x10"
"4x16,5x16,5x12,6x12,6x10,10x10","4x16,5x16,5x14,6x14,6x13,7x13,7x10,10x10","4x16,5x16,5x12,6x12,6x10,10x10","4x16,5x16,5x12,6x12,6x11,7x11,7x10,10x10","4x16,5x16,5x12,6x12,6x11,7x11,7x10,10x10","4x16,5x16,5x14,6x14,6x10,10x10","4x16,5x16,5x14,6x14,6x13,7x13,7x10,10x10","4x16,5x16,5x17,7x17,7x15,8x15,8x11,7x11,7x10,10x10","4x16,5x16,5x12,6x12,6x11,7x11,7x10,10x10","4x16,5x16,5x14,6x14,6x13,7x13,7x10,10x10","4x16,5x16,5x12,6x12,6x10,10x10","4x16,5x16,5x12,6x12,6x11,7x11,7x10,10x10","4x16,5x16,5x8,7x8,7x10,10x10","4x16,5x16,5x14,6x14,6x13,7x13,7x10,10x10","4x16,5x16,5x17,9x17,9x16,10x16,10x19,11x19,11x15,9x15,9x14,10x14,10x13,11x13,11x12,13x12,13x11,12x11,12x10,13x10,13x9,11x9,11x8,9x8,9x9,8x9,8x10,10x10","4x16,5x16,5x14,6x14,6x13,7x13,7x10,10x10","4x16,5x16,5x12,6x12,6x11,7x11,7x10,10x10","4x16,5x16,5x14,6x14,6x13,7x13,7x10,10x10","4x16,5x16,5x14,6x14,6x13,7x13,7x10,10x10","4x16,5x16,5x14,6x14,6x13,7x13,7x10,10x10","4x16,5x16,5x8,7x8,7x10,10x10","4x16,5x16,5x11,4x11,4x8,7x8,7x10,10x10","4x16,5x16,5x14,6x14,6x13,7x13,7x10,10x10","4x16,5x16,5x14,6x14,6x10,10x10","4x16,5x16,5x14,6x14,6x13,7x13,7x10,10x10","4x16,5x16,5x14,6x14,6x13,7x13,7x10,10x10","4x16,5x16,5x14,6x14,6x13,7x13,7x10,10x10","4x16,5x16,5x12,6x12,6x11,7x11,7x10,10x10","4x16,5x16,5x8,7x8,7x10,10x10","4x16,5x16,5x14,6x14,6x10,10x10","4x16,5x16,5x12,6x12,6x10,10x10","4x16,5x16,5x8,7x8,7x10,10x10","4x16,5x16,5x14,6x14,6x13,7x13,7x10,10x10"
"4x16,5x16,5x12,6x12,6x11,7x11,7x10,10x10","4x16,4x15,5x15,5x14,6x14,6x13,7x13,7x10,10x10","4x16,4x15,5x15,5x14,6x14,6x13,7x13,7x10,10x10","4x16,4x15,5x15,5x14,6x14,6x13,7x13,7x10,10x10","4x16,4x15,5x15,5x12,6x12,6x11,7x11,7x10,10x10","4x16,4x15,5x15,5x14,6x14,6x13,7x13,7x10,10x10","4x16,4x15,5x15,5x14,6x14,6x13,7x13,7x10,10x10","4x16,4x15,5x15,5x10,4x10,4x8,5x8,5x7,6x7,6x8,7x8,7x10,10x10","4x16,4x15,5x15,5x14,6x14,6x13,7x13,7x10,10x10","4x16,4x15,5x15,5x14,6x14,6x13,7x13,7x10,10x10","4x16,4x15,5x15,5x9,6x9,6x11,7x11,7x10,10x10","4x16,5x16,5x8,7x8,7x10,10x10","4x16,4x15,5x15,5x14,6x14,6x11,7x11,7x10,10x10","4x16,5x16,5x14,6x14,6x13,7x13,7x10,10x10","4x16,5x16,5x19,2x19,2x18,1x18,1x17,0x17,0x15,1x15,1x13,0x13,0x11,1x11,1x8,6x8,6x10,10x10","4x16,4x15,5x15,5x14,6x14,6x13,7x13,7x12,8x12,8x11,7x11,7x10,10x10","4x16,5x16,5x12,6x12,6x11,7x11,7x10,10x10","4x16,4x15,5x15,5x14,6x14,6x13,7x13,7x10,10x10","4x16,5x16,5x14,6x14,6x13,7x13,7x10,10x10","4x16,4x15,5x15,5x12,6x12,6x11,7x11,7x10,10x10","4x16,4x15,5x15,5x14,6x14,6x13,7x13,7x10,10x10","4x16,4x15,5x15,5x14,6x14,6x13,7x13,7x10,10x10","4x16,5x16,5x14,6x14,6x13,7x13,7x10,10x10","4x16,4x15,5x15,5x14,6x14,6x13,7x13,7x10,10x10","4x16,4x15,5x15,5x14,6x14,6x13,7x13,7x10,10x10","4x16,4x15,5x15,5x9,6x9,6x10,10x10","4x16,4x15,5x15,5x14,6x14,6x13,7x13,7x10,10x10","4x16,5x16,5x12,6x12,6x10,10x10","4x16,5x16,5x8,7x8,7x10,10x10","4x16,4x15,5x15,5x14,6x14,6x13,7x13,7x10,10x10","4x16,5x16,5x14,6x14,6x13,7x13,7x10,10x10","4x16,4x15,5x15,5x14,6x14,6x13,7x13,7x11,6x11,6x8,7x8,7x10,10x10","4x16,5x16,5x14,6x14,6x13,7x13,7x10,10x10"